idx,class,sex,age,sibs,par/ch,fare,deck,embarked,survived
0,2,1,-0.6117379067613337,1,0,-0.5034024657743242,0,2,0
1,0,0,0.6301902159749818,1,0,0.7342219512489486,3,0,1
2,2,0,-0.30125587607725474,0,0,-0.4903561838945725,0,2,1
3,0,0,0.3973286929619227,1,0,0.3827783107984444,3,2,1
4,2,1,0.3973286929619227,0,0,-0.4879402057686925,0,2,0
5,2,1,0.0,0,0,-0.4800486548183182,0,1,0
6,0,1,1.8721183387112972,0,0,0.3588601273522327,5,2,0
7,2,1,-2.164148060181728,3,1,-0.2361952850520009,0,2,0
8,2,0,-0.22363536840623505,0,2,-0.42834672292448717,0,2,1
9,1,0,-1.2327019681294913,1,0,-0.062326036853673515,0,0,1
10,2,0,-2.0089070448396886,1,1,-0.3207545194577995,7,2,1
11,0,0,2.182600369395376,0,0,-0.13037544313845872,3,2,1
12,2,1,-0.766978922103373,0,0,-0.4879402057686925,0,2,0
13,2,1,0.7078107236460015,1,5,-0.03905146998019635,0,2,0
14,2,0,-1.2327019681294913,0,0,-0.49172459390507095,0,2,0
15,1,0,1.949738846382317,0,0,-0.3342839969627272,0,2,1
16,2,1,-2.164148060181728,4,1,-0.0806062937453316,0,1,0
17,1,1,0.0,0,0,-0.3922674719838462,0,2,1
18,2,0,0.08684666227784382,1,0,-0.29562834694864787,0,2,0
19,2,0,0.0,0,0,-0.5038856613995002,0,0,1
20,1,1,0.3973286929619227,0,0,-0.14100574689233056,0,2,0
21,1,1,0.31970818529090295,0,0,-0.3922674719838462,4,2,1
22,2,0,-1.1550814604584716,0,0,-0.48834222452883896,0,1,1
23,0,1,-0.14601486073521533,0,0,0.04260859067454626,1,2,1
24,2,0,-1.6984250141556096,3,1,-0.2361952850520009,0,2,0
25,2,0,0.6301902159749818,1,5,-0.036877089666904374,0,2,1
26,2,1,0.0,0,0,-0.5038856613995002,0,0,0
27,0,1,-0.8445994297743927,3,2,4.43968877977607,3,2,0
28,2,0,0.0,0,0,-0.4912413982798949,0,1,1
29,2,1,0.0,0,0,-0.49092055638477805,0,2,0
30,0,1,0.7854312313170213,0,0,-0.10774642562021669,0,0,0
31,0,0,0.0,1,0,2.1883991852160958,2,0,1
32,2,0,0.0,0,0,-0.49373855327080446,0,1,1
33,1,1,2.8035644307635335,0,0,-0.4405870345014454,0,2,0
34,0,1,-0.14601486073521533,1,0,0.9446536460130931,0,0,0
35,0,1,0.9406722466590607,1,0,0.3615177032907007,0,2,0
36,2,1,0.0,0,0,-0.5038044845344707,0,0,1
37,2,1,-0.6893584144323534,0,0,-0.4879402057686925,0,2,0
38,2,0,-0.9222199374454125,2,0,-0.29562834694864787,0,2,0
39,2,0,-1.2327019681294913,1,0,-0.42625158669372404,0,0,1
40,2,0,0.7854312313170213,1,0,-0.460398055133661,0,2,0
41,1,0,-0.22363536840623505,1,0,-0.2376448719275289,0,2,0
42,2,1,0.0,0,0,-0.49092055638477805,0,0,0
43,1,0,-2.086527552510708,1,2,0.1601063044573418,0,0,1
44,2,0,-0.8445994297743927,0,0,-0.4912413982798949,0,1,1
45,2,1,0.0,0,0,-0.4879402057686925,0,2,0
46,2,1,0.0,1,0,-0.34394790946624704,0,1,0
47,2,0,0.0,0,0,-0.49373855327080446,0,1,1
48,2,1,0.0,2,0,-0.2245174131827475,0,0,0
49,2,0,-0.9222199374454125,1,0,-0.2994939119500558,0,2,0
50,2,1,-1.7760455218266293,4,1,0.12354385789152486,0,2,0
51,2,1,-0.6893584144323534,0,0,-0.49277216202045243,0,2,0
52,0,0,1.4840158003561987,1,0,0.8394793534547861,4,0,1
53,1,0,-0.06839435306419561,1,0,-0.14100574689233056,0,2,1
54,0,1,2.725943923092514,0,1,0.554393934600951,2,0,0
55,0,1,0.0,0,0,0.04260859067454626,3,2,1
56,1,0,-0.6893584144323534,0,0,-0.4405870345014454,0,2,1
57,2,1,-0.10720460689970547,0,0,-0.5038044845344707,0,0,0
58,1,0,-1.9312865371686687,1,2,-0.10718205313001114,0,2,1
59,2,1,-1.4655634911425506,5,2,0.26294579575479843,0,2,0
60,2,1,-0.6117379067613337,0,0,-0.5038044845344707,0,0,0
61,0,0,0.6301902159749818,0,0,0.9026968034878113,2,2,1
62,0,1,1.1735337696721198,1,0,0.9698609953872741,3,2,0
63,2,1,-2.0089070448396886,3,2,-0.10428287937895522,0,2,0
64,0,1,0.0,0,0,-0.10774642562021669,0,0,0
65,2,1,0.0,1,1,-0.3488610425830365,0,0,1
66,1,0,-0.06839435306419561,0,0,-0.4405870345014454,6,2,1
67,2,1,-0.8445994297743927,0,0,-0.48584700232043015,0,2,0
68,2,0,-0.9998404451164322,4,2,-0.4903561838945725,0,2,1
69,2,1,-0.30125587607725474,2,0,-0.4761019129518807,0,2,0
70,1,1,0.16446716994886354,0,0,-0.4405870345014454,0,2,0
71,2,0,-1.077460952787452,5,2,0.26294579575479843,0,2,0
72,1,1,-0.6893584144323534,0,0,0.7770659409420535,0,2,0
73,2,1,-0.30125587607725474,1,0,-0.3641609488586091,0,0,0
74,2,1,0.16446716994886354,0,0,0.4484117389573497,0,2,1
75,2,1,-0.3788763837482745,0,0,-0.49567133577150846,7,2,0
76,2,1,0.0,0,0,-0.49092055638477805,0,2,0
77,2,1,0.0,0,0,-0.4879402057686925,0,2,0
78,1,1,-2.254964054156821,0,2,-0.08302227187121156,0,2,1
79,2,0,0.009226154606824105,0,0,-0.402414580112542,0,2,1
80,2,1,-0.6117379067613337,0,0,-0.4695787720120049,0,2,0
81,2,1,-0.06839435306419561,0,0,-0.45991485950848504,0,2,1
82,2,0,0.0,0,0,-0.4930137598330404,0,1,1
83,0,1,-0.14601486073521533,0,0,0.26681136075620643,0,2,0
84,1,0,-0.9998404451164322,0,0,-0.4405870345014454,0,2,1
85,2,0,0.24208767761988326,3,0,-0.3371831707137831,0,2,1
86,2,1,-1.077460952787452,1,3,0.02086478754162664,0,2,0
87,2,1,0.0,0,0,-0.4879402057686925,0,2,0
88,0,0,-0.5341173990903139,3,2,4.43968877977607,3,2,1
89,2,1,-0.45649689141929417,0,0,-0.4879402057686925,0,2,0
90,2,1,-0.06839435306419561,0,0,-0.4879402057686925,0,2,0
91,2,1,-0.766978922103373,0,0,-0.49172459390507095,0,2,0
92,0,1,1.2511542773431397,1,0,0.5388504977302896,5,2,0
93,2,1,-0.30125587607725474,1,2,-0.24585919755552074,0,2,0
94,2,1,2.260220877066396,0,0,-0.5034024657743242,0,2,0
95,2,1,0.0,0,0,-0.4879402057686925,0,2,0
96,0,1,3.191666969118632,0,0,0.02626111628359217,1,0,0
97,0,1,-0.5341173990903139,0,1,0.5810489380681594,4,0,1
98,1,0,0.31970818529090295,0,1,-0.19898922191344956,0,2,1
99,1,1,0.31970818529090295,1,0,-0.14100574689233056,0,2,0
100,2,0,-0.14601486073521533,0,0,-0.49092055638477805,0,2,0
101,2,1,0.0,0,0,-0.49092055638477805,0,2,0
102,0,1,-0.6893584144323534,0,1,0.8502700781562161,4,2,0
103,2,1,0.24208767761988326,0,0,-0.47626233389943917,0,2,0
104,2,1,0.5525697083039621,2,0,-0.4903561838945725,0,2,0
105,2,1,-0.14601486073521533,0,0,-0.49092055638477805,0,2,0
106,2,0,-0.6893584144323534,0,0,-0.49567133577150846,0,2,1
107,2,1,0.0,0,0,-0.4932553576456285,0,2,1
108,2,1,0.6301902159749818,0,0,-0.49092055638477805,0,2,0
109,2,0,0.0,1,0,-0.17676222315535398,0,1,1
110,0,1,1.3287747850141594,0,0,0.3615177032907007,3,2,0
111,2,0,-1.1938917142939816,1,0,-0.3641609488586091,0,0,0
112,2,1,-0.6117379067613337,0,0,-0.4879402057686925,0,2,0
113,2,0,-0.766978922103373,1,0,-0.45363331638119714,0,2,0
114,2,0,-0.9998404451164322,0,0,-0.36408170477608026,0,0,0
115,2,1,-0.6893584144323534,0,0,-0.4903561838945725,0,2,0
116,2,1,3.1528567152831224,0,0,-0.49373855327080446,0,1,0
117,1,1,-0.06839435306419561,1,0,-0.2376448719275289,0,2,0
118,0,1,-0.45649689141929417,0,1,4.140509510927102,2,0,0
119,2,0,-2.164148060181728,4,2,-0.03905146998019635,0,2,0
120,1,1,-0.6893584144323534,2,0,0.7770659409420535,0,2,0
121,2,1,0.0,0,0,-0.4879402057686925,0,2,0
122,1,1,0.20327742378437338,1,0,-0.062326036853673515,0,0,0
123,1,0,0.20327742378437338,0,0,-0.3922674719838462,5,2,1
124,0,1,1.8721183387112972,0,1,0.8502700781562161,4,2,0
125,2,1,-1.3879429834715307,1,0,-0.42625158669372404,0,0,1
126,2,1,0.0,0,0,-0.49373855327080446,0,1,0
127,2,1,-0.45649689141929417,0,0,-0.5054956692225867,0,2,1
128,2,0,0.0,1,1,-0.2113918872204669,5,0,1
129,2,1,1.1735337696721198,0,0,-0.5087176176512601,0,2,0
130,2,1,0.24208767761988326,0,0,-0.49092055638477805,0,0,0
131,2,1,-0.766978922103373,0,0,-0.5072680307757322,0,2,0
132,2,0,1.3287747850141594,1,0,-0.3632757344732867,0,2,0
133,1,0,-0.06839435306419561,1,0,-0.14100574689233056,0,2,1
134,1,1,-0.3788763837482745,0,0,-0.3922674719838462,0,2,0
135,1,1,-0.5341173990903139,0,0,-0.35272660758444446,0,0,0
136,0,0,-0.8445994297743927,0,2,-0.1355301740678362,4,2,1
137,0,1,0.5525697083039621,1,0,0.3827783107984444,3,2,0
138,2,1,-1.077460952787452,0,0,-0.4653904323329794,0,2,0
139,0,1,-0.45649689141929417,0,0,0.8872345434821797,2,0,0
140,2,0,0.0,0,2,-0.3488610425830365,0,0,0
141,2,0,-0.6117379067613337,0,0,-0.49373855327080446,0,2,1
142,2,0,-0.45649689141929417,1,0,-0.3371831707137831,0,2,1
143,2,1,-0.8445994297743927,0,0,-0.5130663782778441,0,1,0
144,1,1,-0.9222199374454125,0,0,-0.4212592094944057,0,2,0
145,1,1,-0.8445994297743927,1,1,0.06676837193334584,0,2,0
146,2,1,-0.22363536840623505,0,0,-0.49285333888548205,0,2,1
147,2,0,-1.62080450648459,2,2,0.02086478754162664,0,2,0
148,1,1,0.5137594544684523,0,2,-0.14100574689233056,6,2,0
149,1,1,0.9406722466590607,0,0,-0.3922674719838462,0,2,0
150,1,1,1.6392568156982381,0,0,-0.4014481888621901,0,2,0
151,0,0,-0.6117379067613337,1,0,0.6437039483934798,3,2,1
152,2,1,1.9885491002178268,0,0,-0.4879402057686925,0,2,0
153,2,1,0.8242414851525312,0,2,-0.3632757344732867,0,2,0
154,2,1,0.0,0,0,-0.5021944767113843,0,2,0
155,0,1,1.6392568156982381,0,1,0.5427972395967271,0,0,0
156,2,0,-1.077460952787452,0,0,-0.494061327948422,0,1,1
157,2,1,0.009226154606824105,0,0,-0.4879402057686925,0,2,0
158,2,1,0.0,0,0,-0.4761019129518807,0,2,0
159,2,1,0.0,8,2,0.7007210321642467,0,2,0
160,2,1,1.0959132620011,0,1,-0.3323512144620232,0,2,0
161,1,0,0.7854312313170213,0,0,-0.3391159532144871,0,2,1
162,2,1,-0.30125587607725474,0,0,-0.4932553576456285,0,2,0
163,2,1,-0.9998404451164322,0,0,-0.4761019129518807,0,2,0
164,2,1,-2.2417685678527475,4,1,0.12354385789152486,0,2,0
165,2,1,-1.62080450648459,0,2,-0.24682558880587274,0,2,1
166,0,0,0.0,0,1,0.4195011783118197,5,2,1
167,2,0,1.1735337696721198,1,4,-0.10428287937895522,0,2,0
168,0,1,0.0,0,0,-0.14245533376785852,0,2,0
169,2,1,-0.14601486073521533,0,0,0.4484117389573497,0,2,0
170,0,1,2.4154618924084352,0,0,0.003952940660466931,2,2,0
171,2,1,-2.0089070448396886,4,1,-0.0806062937453316,0,1,0
172,2,0,-2.2417685678527475,1,1,-0.42834672292448717,0,2,1
173,2,1,-0.6893584144323534,0,0,-0.4903561838945725,0,2,0
174,0,1,2.0273593540533366,0,0,-0.05024614622427373,1,0,0
175,2,1,-0.9222199374454125,1,1,-0.49172459390507095,0,2,0
176,2,1,0.0,3,1,-0.15131327596858482,0,2,0
177,0,0,1.5616363080272184,0,0,-0.0885790215607355,3,0,0
178,1,1,0.009226154606824105,0,0,-0.3922674719838462,0,2,0
179,2,1,0.4749492006329424,0,0,-0.6435291970753618,0,2,0
180,2,0,0.0,8,2,0.7007210321642467,0,2,0
181,1,1,0.0,0,0,-0.3526454307194149,0,0,0
182,2,1,-1.62080450648459,4,2,-0.036877089666904374,0,2,0
183,1,1,-2.2417685678527475,2,1,0.11025597819918509,6,2,1
184,2,0,-2.0089070448396886,0,2,-0.21783385129531324,0,2,1
185,0,1,0.0,0,0,0.32286205327662143,1,2,0
186,2,0,0.0,1,0,-0.34394790946624704,0,1,1
187,0,1,1.1735337696721198,0,0,-0.13037544313845872,0,2,1
188,2,1,0.7854312313170213,1,1,-0.34394790946624704,0,1,0
189,2,1,0.4749492006329424,0,0,-0.49092055638477805,0,2,0
190,1,0,0.16446716994886354,0,0,-0.3922674719838462,0,2,1
191,1,1,-0.8445994297743927,0,0,-0.3922674719838462,0,2,0
192,2,0,-0.8445994297743927,1,0,-0.49172459390507095,0,2,1
193,1,1,-2.086527552510708,1,1,-0.14100574689233056,6,2,1
194,0,0,1.0959132620011,0,0,-0.10774642562021669,2,0,1
195,0,0,2.182600369395376,0,0,2.1883991852160958,2,0,1
196,2,1,0.0,0,0,-0.49373855327080446,0,1,0
197,2,1,0.9406722466590607,0,1,-0.4810942901511991,0,2,0
198,2,0,0.0,0,0,-0.49373855327080446,0,1,1
199,1,0,-0.45649689141929417,0,0,-0.3922674719838462,0,2,0
200,2,1,-0.14601486073521533,0,0,-0.45991485950848504,0,2,0
201,2,1,0.0,8,2,0.7007210321642467,0,2,0
202,2,1,0.31970818529090295,0,0,-0.5179795113946336,0,2,0
203,2,1,1.2123440235076297,0,0,-0.5038856613995002,0,0,0
204,2,1,-0.9222199374454125,0,0,-0.4879402057686925,0,2,1
205,2,0,-2.164148060181728,0,1,-0.44131182793920937,7,2,0
206,2,1,0.16446716994886354,1,0,-0.3371831707137831,0,2,0
207,2,1,-0.30125587607725474,0,0,-0.2804076847556041,0,0,1
208,2,0,-1.077460952787452,0,0,-0.49373855327080446,0,1,1
209,0,1,0.7854312313170213,0,0,-0.04436662185713223,1,0,1
210,2,1,-0.45649689141929417,0,0,-0.5072680307757322,0,2,0
211,1,0,0.3973286929619227,0,0,-0.2376448719275289,0,2,1
212,2,1,-0.6117379067613337,0,0,-0.5034024657743242,0,2,0
213,1,1,0.009226154606824105,0,0,-0.3922674719838462,0,2,0
214,2,1,0.0,1,0,-0.49373855327080446,0,1,0
215,0,0,0.08684666227784382,1,0,1.5458301805970562,4,0,1
216,2,0,-0.22363536840623505,0,0,-0.4903561838945725,0,2,1
217,1,1,0.9406722466590607,1,0,-0.12167792188529089,0,2,0
218,0,0,0.16446716994886354,0,0,0.8310234300142063,4,0,1
219,1,1,0.009226154606824105,0,0,-0.4405870345014454,0,2,0
220,2,1,-1.077460952787452,0,0,-0.4879402057686925,0,2,1
221,1,1,-0.22363536840623505,0,0,-0.3922674719838462,0,2,0
222,2,1,1.6392568156982381,0,0,-0.4879402057686925,0,2,0
223,2,1,0.0,0,0,-0.49092055638477805,0,2,0
224,0,1,0.6301902159749818,1,0,1.095975053558208,3,2,1
225,2,1,-0.6117379067613337,0,0,-0.46281403325954096,0,2,0
226,1,1,-0.8445994297743927,0,0,-0.4405870345014454,0,2,1
227,2,1,-0.7281686682678632,0,0,-0.5034024657743242,0,2,0
228,1,1,-0.9222199374454125,0,0,-0.3922674719838462,0,2,0
229,2,0,0.0,3,1,-0.15131327596858482,0,2,0
230,0,0,0.3973286929619227,1,0,0.9698609953872741,3,2,1
231,2,1,-0.06839435306419561,0,0,-0.4932553576456285,0,2,0
232,1,1,2.260220877066396,0,0,-0.38260355948032637,0,2,0
233,2,0,-1.9312865371686687,4,2,-0.036877089666904374,0,2,1
234,1,1,-0.45649689141929417,0,0,-0.4405870345014454,0,2,0
235,2,0,0.0,0,0,-0.49760411827221235,0,2,0
236,1,1,1.0959132620011,1,0,-0.14100574689233056,0,2,0
237,1,0,-1.6984250141556096,0,2,-0.13617379064057064,0,2,1
238,1,1,-0.8445994297743927,0,0,-0.4405870345014454,0,2,0
239,1,1,0.24208767761988326,0,0,-0.40628014511395,0,2,0
240,2,0,0.0,1,0,-0.3641609488586091,0,0,0
241,2,0,0.0,1,0,-0.34394790946624704,0,1,1
242,1,1,-0.06839435306419561,0,0,-0.4405870345014454,0,2,0
243,2,1,-0.6117379067613337,0,0,-0.5058184439002043,0,2,0
244,2,1,0.009226154606824105,0,0,-0.5038856613995002,0,0,0
245,0,1,1.0959132620011,2,0,1.095975053558208,3,1,0
246,2,0,-0.3788763837482745,0,0,-0.4932553576456285,0,2,0
247,1,0,-0.45649689141929417,0,2,-0.3632757344732867,0,2,1
248,0,1,0.5525697083039621,1,1,0.37222918390960213,4,2,1
249,1,1,1.8721183387112972,1,0,-0.14100574689233056,0,2,0
250,2,1,0.0,0,0,-0.5034024657743242,0,2,0
251,2,0,-0.06839435306419561,1,1,-0.44131182793920937,7,2,0
252,0,1,2.4930824000794547,0,0,-0.13037544313845872,3,2,0
253,2,1,0.009226154606824105,1,0,-0.3323512144620232,0,2,0
254,2,0,0.863051738988041,0,2,-0.25286553412057267,0,2,0
255,2,0,-0.06839435306419561,0,2,-0.3488610425830365,0,0,1
256,0,0,0.0,0,0,0.8872345434821797,0,0,1
257,0,0,0.009226154606824105,0,0,1.0283276660335692,2,2,1
258,0,0,0.3973286929619227,0,0,9.258679926521264,0,0,1
259,1,0,1.5616363080272184,0,1,-0.14100574689233056,0,2,1
260,2,1,0.0,0,0,-0.49373855327080446,0,1,0
261,2,1,-2.086527552510708,4,2,-0.036877089666904374,0,2,1
262,0,1,1.7168773233692578,1,1,0.8959320647353476,5,2,0
263,0,1,0.7854312313170213,0,0,-0.6435291970753618,2,2,0
264,2,0,0.0,0,0,-0.49373855327080446,0,1,0
265,1,1,0.4749492006329424,0,0,-0.4405870345014454,0,2,0
266,2,1,-1.077460952787452,4,1,0.12354385789152486,0,2,0
267,2,1,-0.3788763837482745,1,0,-0.4932553576456285,0,2,1
268,0,0,2.182600369395376,0,1,2.322567148067463,3,2,1
269,0,0,0.3973286929619227,0,0,1.977967490451951,3,2,1
270,0,1,0.0,0,0,-0.04436662185713223,0,2,0
271,2,1,-0.3788763837482745,0,0,-0.6435291970753618,0,2,1
272,1,0,0.863051738988041,0,1,-0.26663660943808837,0,2,1
273,0,1,0.5525697083039621,0,1,-0.0694927943662838,3,0,0
274,2,0,0.0,0,0,-0.49373855327080446,0,1,1
275,0,0,2.5707029077504746,1,0,0.8632351831709384,4,2,1
276,2,0,1.1735337696721198,0,0,-0.49373855327080446,0,2,0
277,1,1,0.0,0,0,-0.6435291970753618,0,2,0
278,2,1,-1.7760455218266293,4,1,-0.0806062937453316,0,1,0
279,2,0,0.3973286929619227,1,1,-0.2521407406828086,0,2,1
280,2,1,2.725943923092514,0,0,-0.49373855327080446,0,1,0
281,2,1,-0.14601486073521533,0,0,-0.49172459390507095,0,2,0
282,2,1,-1.077460952787452,0,0,-0.45991485950848504,0,2,0
283,2,1,-0.8445994297743927,0,0,-0.4879402057686925,0,2,1
284,0,1,0.0,0,0,-0.14100574689233056,1,2,0
285,2,1,0.24208767761988326,0,0,-0.4761019129518807,0,0,0
286,2,1,0.009226154606824105,0,0,-0.45991485950848504,0,2,1
287,2,1,-0.6117379067613337,0,0,-0.49092055638477805,0,2,0
288,1,1,0.9406722466590607,0,0,-0.3922674719838462,0,2,1
289,2,0,-0.6117379067613337,0,0,-0.49373855327080446,0,1,1
290,0,0,-0.30125587607725474,0,0,0.8804698047297156,0,2,1
291,0,0,-0.8445994297743927,1,0,1.1168336423058052,2,0,1
292,1,1,0.4749492006329424,0,0,-0.39468345010972616,0,0,0
293,2,0,-0.45649689141929417,0,0,-0.4724779457630608,0,2,0
294,2,1,-0.45649689141929417,0,0,-0.49092055638477805,0,2,0
295,0,1,0.0,0,0,-0.10774642562021669,0,0,0
296,2,1,-0.49530714525480407,0,0,-0.5038044845344707,0,0,0
297,0,0,-2.164148060181728,1,2,2.2856026827414997,3,2,0
298,0,1,0.0,0,0,-0.05403053436065206,3,2,1
299,0,0,1.5616363080272184,0,1,4.140509510927102,2,0,1
300,2,0,0.0,0,0,-0.49373855327080446,0,1,1
301,2,1,0.0,2,0,-0.19415726566168964,0,1,1
302,2,1,-0.8445994297743927,0,0,-0.6435291970753618,0,2,0
303,1,0,0.0,0,0,-0.40483055823842196,5,1,1
304,2,1,0.0,0,0,-0.4879402057686925,0,2,0
305,0,1,-2.2479782084664293,1,2,2.2856026827414997,3,2,1
306,0,0,0.0,0,0,1.4996038215277196,0,0,1
307,0,0,-0.9998404451164322,1,0,1.4612709461912579,3,0,1
308,1,1,0.009226154606824105,1,0,-0.1796613969064099,0,0,0
309,0,0,0.009226154606824105,0,0,0.4567884183154007,5,0,1
310,0,0,-0.45649689141929417,0,0,0.9637398732075447,3,0,1
311,0,0,-0.9222199374454125,2,2,4.42760888914667,2,0,1
312,1,0,-0.30125587607725474,1,1,-0.14100574689233056,0,2,0
313,2,1,-0.14601486073521533,0,0,-0.49092055638477805,0,2,0
314,1,1,1.0182927543300804,1,1,-0.13617379064057064,0,2,0
315,2,0,-0.30125587607725474,0,0,-0.49172459390507095,0,2,1
316,1,0,-0.45649689141929417,1,0,-0.14100574689233056,0,2,1
317,1,1,1.8721183387112972,0,0,-0.37293964697680654,0,2,0
318,0,0,0.08684666227784382,0,2,2.5429855300127446,3,2,1
319,0,0,0.7854312313170213,1,1,1.9560632663714732,5,0,1
320,2,1,-0.6117379067613337,0,0,-0.5034024657743242,0,2,0
321,2,1,-0.22363536840623505,0,0,-0.49092055638477805,0,2,0
322,1,0,0.009226154606824105,0,0,-0.40483055823842196,0,1,1
323,1,0,-0.6117379067613337,1,1,-0.08302227187121156,0,2,1
324,2,1,0.0,8,2,0.7007210321642467,0,2,0
325,0,0,0.4749492006329424,0,0,1.977967490451951,3,0,1
326,2,1,2.4154618924084352,0,0,-0.5229718885939519,0,2,0
327,1,0,0.4749492006329424,0,0,-0.3922674719838462,0,2,1
328,2,0,0.08684666227784382,1,1,-0.24682558880587274,0,2,1
329,0,0,-1.077460952787452,0,1,0.47708263457279226,2,0,1
330,2,0,0.0,2,0,-0.19415726566168964,0,1,1
331,0,1,1.2123440235076297,0,0,-0.09268618437473139,3,2,0
332,0,1,0.6301902159749818,0,1,2.322567148067463,3,2,0
333,2,1,-1.077460952787452,2,0,-0.29562834694864787,0,2,0
334,0,0,0.0,1,0,1.9396346151154895,0,2,1
335,2,1,0.0,0,0,-0.49092055638477805,0,2,0
336,0,1,-0.06839435306419561,1,0,0.6437039483934798,3,2,0
337,0,0,0.863051738988041,0,0,1.9560632663714732,5,0,1
338,2,1,1.1735337696721198,0,0,-0.4879402057686925,0,2,1
339,0,1,1.1735337696721198,0,0,0.04260859067454626,0,2,0
340,1,1,-2.164148060181728,1,1,-0.14100574689233056,6,2,1
341,0,0,-0.45649689141929417,3,2,4.43968877977607,3,2,1
342,1,1,-0.14601486073521533,0,0,-0.3922674719838462,0,2,0
343,1,1,-0.3788763837482745,0,0,-0.3922674719838462,0,2,0
344,1,1,0.4749492006329424,0,0,-0.3922674719838462,0,2,0
345,1,0,-0.45649689141929417,0,0,-0.3922674719838462,6,2,1
346,1,0,0.7854312313170213,0,0,-0.3922674719838462,0,2,1
347,2,0,0.0,1,0,-0.3323512144620232,0,2,1
348,2,1,-2.086527552510708,1,1,-0.3362167794634312,0,2,1
349,2,1,0.9406722466590607,0,0,-0.4761019129518807,0,2,0
350,2,1,-0.5341173990903139,0,0,-0.4652300113854209,0,2,0
351,0,1,0.0,0,0,0.03294467817102643,3,2,0
352,2,1,-1.1550814604584716,1,1,-0.5038044845344707,0,0,0
353,2,1,-0.3788763837482745,1,0,-0.2994939119500558,0,2,0
354,2,1,0.0,0,0,-0.5038856613995002,0,0,0
355,2,1,-0.14601486073521533,0,0,-0.45991485950848504,0,2,0
356,0,0,-0.6117379067613337,0,1,0.4195011783118197,5,2,1
357,1,0,0.6301902159749818,0,0,-0.3922674719838462,0,2,0
358,2,0,0.0,0,0,-0.4912413982798949,0,1,1
359,2,0,0.0,0,0,-0.4912413982798949,0,1,1
360,2,1,0.7854312313170213,1,4,-0.10428287937895522,0,2,0
361,1,1,-0.06839435306419561,1,0,-0.10774642562021669,0,0,0
362,2,0,1.1735337696721198,0,1,-0.3641609488586091,0,0,0
363,2,1,0.3973286929619227,0,0,-0.5072680307757322,0,2,0
364,2,1,0.0,1,0,-0.34394790946624704,0,1,0
365,2,1,0.009226154606824105,0,0,-0.5034024657743242,0,2,0
366,0,0,2.3378413847374158,1,0,0.8108896347043729,4,0,1
367,2,0,0.0,0,0,-0.5038044845344707,0,0,1
368,2,0,0.0,0,0,-0.49373855327080446,0,1,1
369,0,0,-0.45649689141929417,0,0,0.6958890759124868,2,0,1
370,0,1,-0.3788763837482745,1,0,0.4280382786174291,5,0,1
371,2,1,-0.9222199374454125,1,0,-0.5179795113946336,0,2,0
372,2,1,-0.8445994297743927,0,0,-0.4879402057686925,0,2,0
373,0,1,-0.6117379067613337,0,0,1.977967490451951,0,0,0
374,2,0,-2.086527552510708,3,1,-0.2361952850520009,0,2,0
375,0,0,0.0,1,0,0.9446536460130931,0,0,1
376,2,0,-0.6117379067613337,0,0,-0.5034024657743242,0,2,1
377,0,1,-0.22363536840623505,0,2,3.444305791913527,3,0,0
378,2,1,-0.766978922103373,0,0,-0.5659762992346152,0,0,0
379,2,1,-0.8445994297743927,0,0,-0.4932553576456285,0,2,0
380,0,0,0.9406722466590607,0,0,3.754034187651338,0,0,1
381,2,0,-2.2417685678527475,0,2,-0.33927637416204554,0,0,1
382,2,1,0.16446716994886354,0,0,-0.4903561838945725,0,2,0
383,0,0,0.3973286929619227,1,0,0.3615177032907007,0,2,1
384,2,1,0.0,0,0,-0.49092055638477805,0,2,0
385,1,1,-0.9222199374454125,0,0,0.7770659409420535,0,2,0
386,2,1,-2.2417685678527475,5,2,0.26294579575479843,0,2,0
387,1,0,0.4749492006329424,0,0,-0.3922674719838462,0,2,1
388,2,1,0.0,0,0,-0.4941405720309509,0,1,0
389,1,0,-0.9998404451164322,0,0,-0.4115952969908859,0,0,1
390,0,1,0.4749492006329424,1,2,1.675809803769398,2,2,1
391,2,1,-0.6893584144323534,0,0,-0.49285333888548205,0,2,1
392,2,1,-0.14601486073521533,2,0,-0.4903561838945725,0,2,0
393,0,0,-0.5341173990903139,1,0,1.5458301805970562,4,0,1
394,2,0,-0.45649689141929417,0,2,-0.3207545194577995,7,2,1
395,2,1,-0.6117379067613337,0,0,-0.49285333888548205,0,2,0
396,2,0,0.08684666227784382,0,0,-0.49172459390507095,0,2,0
397,1,1,1.2511542773431397,0,0,-0.14100574689233056,0,2,0
398,1,1,-0.5341173990903139,0,0,-0.4405870345014454,0,2,0
399,1,0,-0.14601486073521533,0,0,-0.3990322107363101,0,2,1
400,2,1,0.7078107236460015,0,0,-0.4903561838945725,0,2,1
401,2,1,-0.30125587607725474,0,0,-0.4879402057686925,0,2,0
402,2,0,-0.6893584144323534,1,0,-0.45363331638119714,0,2,0
403,2,1,-0.14601486073521533,1,0,-0.3371831707137831,0,2,0
404,2,0,-0.766978922103373,0,0,-0.4761019129518807,0,2,0
405,1,1,0.31970818529090295,1,0,-0.2376448719275289,0,2,0
406,2,1,1.6392568156982381,0,0,-0.49373855327080446,0,2,0
407,1,1,-2.086527552510708,1,1,-0.2811324781933681,0,2,1
408,2,1,-0.6893584144323534,0,0,-0.4932553576456285,0,2,0
409,2,0,0.0,3,1,-0.15131327596858482,0,2,0
410,2,1,0.0,0,0,-0.49092055638477805,0,2,0
411,2,1,0.0,0,0,-0.5109731748295817,0,1,0
412,0,0,0.24208767761988326,1,0,1.095975053558208,3,1,1
413,1,1,0.0,0,0,-0.6435291970753618,0,2,0
414,2,1,1.0959132620011,0,0,-0.4903561838945725,0,2,1
415,2,0,0.0,0,0,-0.4879402057686925,0,2,0
416,1,0,0.31970818529090295,1,1,-0.015374884346572734,0,2,1
417,1,0,-0.9222199374454125,0,2,-0.3922674719838462,0,2,1
418,1,1,0.009226154606824105,0,0,-0.3922674719838462,0,2,0
419,2,0,-1.5431839988135703,0,2,-0.17676222315535398,0,2,0
420,2,1,0.0,0,0,-0.49092055638477805,0,0,0
421,2,1,-0.6893584144323534,0,0,-0.494061327948422,0,1,0
422,2,1,-0.06839435306419561,0,0,-0.4913225751449245,0,2,0
423,2,0,-0.14601486073521533,1,1,-0.3652085169739907,0,2,0
424,2,1,-0.9222199374454125,1,1,-0.25286553412057267,0,2,0
425,2,1,0.0,0,0,-0.5034024657743242,0,2,0
426,1,0,-0.14601486073521533,1,0,-0.14100574689233056,0,2,1
427,1,0,-0.8445994297743927,0,0,-0.14100574689233056,0,2,1
428,2,1,0.0,0,0,-0.49373855327080446,0,1,0
429,2,1,0.16446716994886354,0,0,-0.4879402057686925,5,2,1
430,0,1,-0.14601486073521533,0,0,-0.13037544313845872,3,2,1
431,2,0,0.0,1,0,-0.3323512144620232,0,2,1
432,1,0,0.9406722466590607,1,0,-0.14100574689233056,0,2,1
433,2,1,-0.9998404451164322,0,0,-0.5058184439002043,0,2,0
434,0,1,1.5616363080272184,1,0,0.4368962208181554,5,2,0
435,0,0,-1.2327019681294913,1,2,1.675809803769398,2,2,1
436,2,0,-0.6893584144323534,2,2,0.02086478754162664,0,2,0
437,1,0,-0.45649689141929417,2,3,-0.2811324781933681,0,2,1
438,0,1,2.648323415421494,1,4,4.43968877977607,3,2,0
439,1,1,0.08684666227784382,0,0,-0.4405870345014454,0,2,0
440,1,0,1.1735337696721198,1,1,-0.13617379064057064,0,2,1
441,2,1,-0.766978922103373,0,0,-0.45991485950848504,0,2,0
442,2,1,-0.3788763837482745,1,0,-0.4932553576456285,0,2,0
443,1,0,-0.14601486073521533,0,0,-0.3922674719838462,0,2,1
444,2,1,0.0,0,0,-0.48673221670575256,0,2,1
445,0,1,-2.0089070448396886,0,2,0.9386137006983931,1,2,1
446,1,0,-1.310322475800511,0,1,-0.26663660943808837,0,2,1
447,0,1,0.31970818529090295,0,0,-0.13037544313845872,0,2,1
448,2,0,-1.9312865371686687,2,1,-0.27130814474228987,0,0,1
449,0,1,1.7168773233692578,0,0,-0.05403053436065206,3,2,1
450,1,1,0.4749492006329424,1,2,-0.10718205313001114,0,2,0
451,2,1,0.0,1,0,-0.25761631350730296,0,2,0
452,0,1,0.009226154606824105,0,0,-0.10718205313001114,3,0,0
453,0,1,1.4840158003561987,1,0,1.078661187916902,3,0,1
454,2,1,0.0,0,0,-0.4879402057686925,0,2,0
455,2,1,-0.06839435306419561,0,0,-0.49092055638477805,0,0,1
456,0,1,2.725943923092514,0,0,-0.13037544313845872,5,2,0
457,0,0,0.0,1,0,0.3588601273522327,4,2,1
458,1,0,1.5616363080272184,0,0,-0.4405870345014454,0,2,1
459,2,1,0.0,0,0,-0.49373855327080446,0,1,0
460,0,1,1.406395292685179,0,0,-0.13037544313845872,5,2,1
461,2,1,0.31970818529090295,0,0,-0.4879402057686925,0,2,0
462,0,1,1.3287747850141594,0,0,0.10059206569566526,5,2,0
463,1,1,1.406395292685179,0,0,-0.3922674719838462,0,2,0
464,2,1,0.0,0,0,-0.4879402057686925,0,2,0
465,2,1,0.6301902159749818,0,0,-0.5072680307757322,0,2,0
466,1,1,0.0,0,0,-0.6435291970753618,0,2,0
467,0,1,2.0273593540533366,0,0,-0.13037544313845872,0,2,0
468,2,1,0.0,0,0,-0.4942217488959804,0,1,0
469,2,0,-2.261173694770503,2,1,-0.27130814474228987,0,0,1
470,2,1,0.0,0,0,-0.5034024657743242,0,2,0
471,2,1,0.6301902159749818,0,0,-0.4761019129518807,0,2,0
472,1,0,0.24208767761988326,1,2,-0.10718205313001114,0,2,1
473,1,0,-0.5341173990903139,0,0,-0.3769656329257729,0,0,1
474,2,0,-0.6117379067613337,0,0,-0.45339171856860916,0,2,0
475,0,1,0.0,0,0,0.3615177032907007,1,2,0
476,1,1,0.31970818529090295,1,0,-0.2376448719275289,0,2,0
477,2,1,-0.06839435306419561,1,0,-0.5073492076407617,0,2,0
478,2,1,-0.6117379067613337,0,0,-0.4981684907624179,0,2,0
479,2,0,-2.164148060181728,0,1,-0.40603854730136196,0,2,1
480,2,1,-1.62080450648459,5,2,0.26294579575479843,0,2,0
481,1,1,0.0,0,0,-0.6435291970753618,0,2,0
482,2,1,1.5616363080272184,0,0,-0.4879402057686925,0,2,0
483,2,0,2.5707029077504746,0,0,-0.4582236748203691,0,2,1
484,0,1,-0.3788763837482745,1,0,1.1168336423058052,2,0,1
485,2,0,0.0,3,1,-0.15131327596858482,0,2,0
486,0,0,0.3973286929619227,1,0,1.095975053558208,3,2,1
487,0,1,2.182600369395376,0,0,-0.0694927943662838,2,0,0
488,2,1,0.009226154606824105,0,0,-0.4879402057686925,0,2,0
489,2,1,-1.62080450648459,1,1,-0.3362167794634312,0,2,1
490,2,1,0.0,1,0,-0.25761631350730296,0,2,0
491,2,1,-0.6893584144323534,0,0,-0.5034024657743242,0,2,0
492,0,1,1.949738846382317,0,0,-0.05403053436065206,3,2,0
493,0,1,3.191666969118632,0,0,0.3132793176381311,0,0,0
494,2,1,-0.6893584144323534,0,0,-0.4879402057686925,0,2,0
495,2,1,0.0,0,0,-0.36408170477608026,0,0,0
496,0,0,1.8721183387112972,1,0,0.8691958844031095,4,0,1
497,2,1,0.0,0,0,-0.35167903946906287,0,2,0
498,0,0,-0.3788763837482745,1,2,2.2856026827414997,3,2,0
499,2,1,-0.45649689141929417,0,0,-0.49285333888548205,0,2,0
500,2,1,-0.9998404451164322,0,0,-0.4761019129518807,0,2,0
501,2,0,-0.6893584144323534,0,0,-0.49373855327080446,0,1,0
502,2,0,0.0,0,0,-0.4960733545316548,0,1,0
503,2,0,0.5525697083039621,0,0,-0.4582236748203691,0,2,0
504,0,0,-1.077460952787452,0,0,1.0283276660335692,2,2,1
505,0,1,-0.9222199374454125,1,0,1.4612709461912579,3,0,0
506,1,0,0.24208767761988326,0,2,-0.14100574689233056,0,2,1
507,0,1,0.0,0,0,-0.13037544313845872,0,2,1
508,2,1,-0.14601486073521533,0,0,-0.2081699387917934,0,2,0
509,2,1,-0.30125587607725474,0,0,0.4484117389573497,0,2,1
510,2,1,-0.06839435306419561,0,0,-0.49373855327080446,0,1,1
511,2,1,0.0,0,0,-0.4879402057686925,0,2,0
512,0,1,0.4749492006329424,0,0,-0.13544899720280662,5,2,1
513,0,0,1.8721183387112972,1,0,0.5045436083427942,0,0,1
514,2,1,-0.45649689141929417,0,0,-0.49865168638759394,0,2,0
515,0,1,1.3287747850141594,0,0,0.014018871924133213,4,2,0
516,1,0,0.31970818529090295,0,0,-0.4405870345014454,6,2,1
517,2,1,0.0,0,0,-0.17676222315535398,0,1,0
518,1,0,0.4749492006329424,1,0,-0.14100574689233056,0,2,1
519,2,1,0.16446716994886354,0,0,-0.49092055638477805,0,2,0
520,0,0,0.009226154606824105,0,0,1.1636224410828468,2,2,1
521,2,1,-0.6117379067613337,0,0,-0.49092055638477805,0,2,0
522,2,1,0.0,0,0,-0.5038856613995002,0,0,0
523,0,0,1.0959132620011,0,1,0.47708263457279226,2,0,1
524,2,1,0.0,0,0,-0.5038044845344707,0,0,0
525,2,1,0.8242414851525312,0,0,-0.49373855327080446,0,1,0
526,1,0,1.5616363080272184,0,0,-0.4405870345014454,0,2,1
527,0,1,0.0,0,0,3.6429803707258896,3,2,0
528,2,1,0.7078107236460015,0,0,-0.4903561838945725,0,2,0
529,1,1,-0.5341173990903139,2,1,-0.4212592094944057,0,2,0
530,1,0,-2.164148060181728,1,1,-0.14100574689233056,0,2,1
531,2,1,0.0,0,0,-0.5038044845344707,0,0,0
532,2,1,-0.9998404451164322,1,1,-0.5038044845344707,0,0,0
533,2,0,0.0,0,2,-0.2113918872204669,0,0,1
534,2,0,0.009226154606824105,0,0,-0.4761019129518807,0,2,0
535,1,0,-1.7760455218266293,0,2,-0.13617379064057064,0,2,1
536,0,1,1.1735337696721198,0,0,-0.13037544313845872,2,2,0
537,0,0,0.009226154606824105,0,0,1.4134345792988345,0,0,1
538,2,1,0.0,0,0,-0.3632757344732867,0,2,0
539,0,0,-0.6117379067613337,0,2,0.3131981407731016,2,0,1
540,0,0,0.4749492006329424,0,2,0.7287463784244543,2,2,1
541,2,0,-1.62080450648459,4,2,-0.03905146998019635,0,2,0
542,2,0,-1.4655634911425506,4,2,-0.03905146998019635,0,2,0
543,1,1,0.16446716994886354,1,0,-0.14100574689233056,0,2,1
544,0,1,1.5616363080272184,1,0,1.4134345792988345,3,0,0
545,0,1,2.648323415421494,0,0,-0.14100574689233056,0,2,0
546,1,0,-0.8445994297743927,1,0,-0.14100574689233056,0,2,1
547,1,1,0.0,0,0,-0.3755972229152745,0,0,1
548,2,1,0.24208767761988326,1,1,-0.24682558880587274,0,2,0
549,1,1,-1.6984250141556096,1,1,0.06676837193334584,0,2,1
550,0,1,-0.9998404451164322,0,2,1.4996038215277196,3,0,1
551,1,1,-0.22363536840623505,0,0,-0.14100574689233056,0,2,0
552,2,1,0.0,0,0,-0.4922077895302469,0,1,0
553,2,1,-0.6117379067613337,0,0,-0.5038856613995002,0,0,1
554,2,0,-0.6117379067613337,0,0,-0.4932553576456285,0,2,1
555,0,1,2.4930824000794547,0,0,-0.13037544313845872,0,2,0
556,0,0,1.406395292685179,1,0,0.12185267320340891,1,0,1
557,0,1,0.0,0,0,3.754034187651338,0,0,0
558,0,0,0.7078107236460015,1,1,0.8959320647353476,5,2,1
559,2,0,0.4749492006329424,1,0,-0.3072250419528717,0,2,1
560,2,1,0.0,0,0,-0.49373855327080446,0,1,0
561,2,1,0.7854312313170213,0,0,-0.49092055638477805,0,2,0
562,1,1,-0.14601486073521533,0,0,-0.38260355948032637,0,2,0
563,2,1,0.0,0,0,-0.4879402057686925,0,2,0
564,2,0,0.0,0,0,-0.4879402057686925,0,2,0
565,2,1,-0.45649689141929417,2,0,-0.17676222315535398,0,2,0
566,2,1,-0.8445994297743927,0,0,-0.49092055638477805,0,2,0
567,2,0,-0.06839435306419561,0,4,-0.2361952850520009,0,2,0
568,2,1,0.0,0,0,-0.5038044845344707,0,0,0
569,2,1,0.16446716994886354,0,0,-0.49172459390507095,0,2,1
570,1,1,2.4930824000794547,0,0,-0.4405870345014454,0,2,1
571,0,0,1.7944978310402775,2,0,0.3514517720270345,3,2,1
572,0,1,0.4749492006329424,0,0,-0.1335162147021027,5,2,1
573,2,0,0.0,0,0,-0.49373855327080446,0,1,1
574,2,1,-1.077460952787452,0,0,-0.4879402057686925,0,2,0
575,2,1,-0.8445994297743927,0,0,-0.3632757344732867,0,2,0
576,1,0,0.31970818529090295,0,0,-0.3922674719838462,0,2,1
577,0,0,0.7078107236460015,1,0,0.4368962208181554,5,2,1
578,2,0,0.0,1,0,-0.36408170477608026,0,0,0
579,2,1,0.16446716994886354,0,0,-0.4903561838945725,0,2,1
580,1,0,-0.3788763837482745,1,1,-0.0636944468641719,0,2,1
581,0,0,0.7078107236460015,1,1,1.4996038215277196,3,0,1
582,1,1,1.8721183387112972,0,0,-0.14100574689233056,0,2,0
583,0,1,0.4749492006329424,0,0,0.13199978133210472,1,0,0
584,2,1,0.0,0,0,-0.4751355217015288,0,0,0
585,0,0,-0.9222199374454125,0,2,0.8959320647353476,5,2,1
586,1,1,1.3287747850141594,0,0,-0.35361182196976687,0,2,0
587,0,1,2.3378413847374158,1,1,0.8872345434821797,2,0,1
588,2,1,-0.6117379067613337,0,0,-0.4879402057686925,0,2,0
589,2,1,0.0,0,0,-0.4879402057686925,0,2,0
590,2,1,0.3973286929619227,0,0,-0.5058184439002043,0,2,0
591,0,0,1.7168773233692578,1,0,0.8691958844031095,4,0,1
592,2,1,1.3287747850141594,0,0,-0.5034024657743242,0,2,0
593,2,0,0.0,0,2,-0.49373855327080446,0,1,0
594,1,1,0.5525697083039621,1,0,-0.14100574689233056,0,2,0
595,2,1,0.4749492006329424,1,1,-0.17676222315535398,0,2,0
596,1,0,0.0,0,0,-0.0057109718430529005,0,2,1
597,2,1,1.4840158003561987,0,0,-0.6435291970753618,0,2,0
598,2,1,0.0,0,0,-0.5038856613995002,0,0,0
599,0,1,1.4840158003561987,1,0,0.4567884183154007,1,0,1
600,1,0,-0.45649689141929417,2,1,-0.12167792188529089,0,2,1
601,2,1,0.0,0,0,-0.49092055638477805,0,2,0
602,0,1,0.0,0,0,0.17597058322311993,0,2,0
603,2,1,1.0959132620011,0,0,-0.4879402057686925,0,2,0
604,0,1,0.3973286929619227,0,0,-0.13037544313845872,0,0,1
605,2,1,0.4749492006329424,1,0,-0.34298151821589506,0,2,0
606,2,1,0.009226154606824105,0,0,-0.49092055638477805,0,2,0
607,0,1,-0.22363536840623505,0,0,-0.05403053436065206,0,2,1
608,1,0,-0.6117379067613337,1,2,0.1601063044573418,0,0,1
609,0,0,0.7854312313170213,0,0,2.322567148067463,3,2,1
610,2,0,0.7078107236460015,1,5,-0.03905146998019635,0,2,0
611,2,1,0.0,0,0,-0.5072680307757322,0,2,0
612,2,0,0.0,1,0,-0.34394790946624704,0,1,1
613,2,1,0.0,0,0,-0.49373855327080446,0,1,0
614,2,1,0.3973286929619227,0,0,-0.4879402057686925,0,2,0
615,1,0,-0.45649689141929417,1,2,0.6127794283822163,0,2,1
616,2,1,0.31970818529090295,1,1,-0.3652085169739907,0,2,0
617,2,0,-0.30125587607725474,1,0,-0.3323512144620232,0,2,0
618,1,0,-2.0089070448396886,2,1,0.11025597819918509,6,2,1
619,1,1,-0.30125587607725474,0,0,-0.4405870345014454,0,2,0
620,2,1,-0.22363536840623505,1,0,-0.3641609488586091,0,0,0
621,0,1,0.9406722466590607,1,0,0.37222918390960213,4,2,1
622,2,1,-0.766978922103373,1,1,-0.33927637416204554,0,0,1
623,2,1,-0.6893584144323534,0,0,-0.49172459390507095,0,2,0
624,2,1,-0.6893584144323534,0,0,-0.3323512144620232,0,2,0
625,0,1,2.4154618924084352,0,0,-0.01883843058783427,4,2,0
626,1,1,2.1049798617243565,0,0,-0.40483055823842196,0,1,0
627,0,0,-0.6893584144323534,0,0,0.8632351831709384,4,2,1
628,2,1,-0.30125587607725474,0,0,-0.49092055638477805,0,2,0
629,2,1,0.0,0,0,-0.494061327948422,0,1,0
630,0,1,3.8902515381578096,0,0,-0.0636944468641719,1,2,1
631,2,1,1.6392568156982381,0,0,-0.5071868539107026,0,2,0
632,0,1,0.16446716994886354,0,0,-0.05403053436065206,2,0,1
633,0,1,0.0,0,0,-0.6435291970753618,0,2,0
634,2,0,-1.62080450648459,3,2,-0.10428287937895522,0,2,0
635,1,0,-0.14601486073521533,0,0,-0.3922674719838462,0,2,1
636,2,1,0.16446716994886354,0,0,-0.4903561838945725,0,2,0
637,1,1,0.08684666227784382,1,1,-0.13617379064057064,0,2,0
638,2,0,0.863051738988041,0,5,0.12354385789152486,0,2,0
639,2,1,0.0,1,0,-0.3323512144620232,0,2,0
640,2,1,-0.766978922103373,0,0,-0.49172459390507095,0,2,0
641,0,0,-0.45649689141929417,0,0,0.6958890759124868,2,0,1
642,2,0,-2.164148060181728,3,2,-0.10428287937895522,0,2,0
643,2,1,0.0,0,0,0.4484117389573497,0,2,1
644,2,0,-2.261173694770503,2,1,-0.27130814474228987,0,0,1
645,0,1,1.406395292685179,1,0,0.8394793534547861,4,0,1
646,2,1,-0.8445994297743927,0,0,-0.49092055638477805,0,2,0
647,0,1,2.0273593540533366,0,0,0.04260859067454626,1,0,1
648,2,1,0.0,0,0,-0.49760411827221235,0,2,0
649,2,0,-0.5341173990903139,0,0,-0.49760411827221235,0,2,1
650,2,1,0.0,0,0,-0.49092055638477805,0,2,0
651,1,0,-0.9222199374454125,0,1,-0.19898922191344956,0,2,1
652,2,1,-0.6893584144323534,0,0,-0.4805318504434943,0,2,0
653,2,0,0.0,0,0,-0.4922077895302469,0,1,1
654,2,0,-0.9222199374454125,0,0,-0.5130663782778441,0,1,0
655,1,1,-0.45649689141929417,2,0,0.7770659409420535,0,2,0
656,2,1,0.0,0,0,-0.49092055638477805,0,2,0
657,2,0,0.16446716994886354,1,1,-0.34394790946624704,0,1,0
658,1,1,-0.5341173990903139,0,0,-0.3922674719838462,0,2,0
659,0,1,2.182600369395376,0,2,1.5458301805970562,4,0,0
660,0,1,1.5616363080272184,2,0,1.9396346151154895,0,2,1
661,2,1,0.7854312313170213,0,0,-0.5038856613995002,0,0,0
662,0,1,1.3287747850141594,0,0,-0.14897847470773445,5,2,0
663,2,1,0.4749492006329424,0,0,-0.49865168638759394,0,2,0
664,2,1,-0.766978922103373,1,0,-0.4903561838945725,0,2,1
665,1,1,0.16446716994886354,2,0,0.7770659409420535,0,2,0
666,1,1,-0.3788763837482745,0,0,-0.3922674719838462,0,2,0
667,2,1,0.0,0,0,-0.4932553576456285,0,2,0
668,2,1,1.0182927543300804,0,0,-0.4879402057686925,0,2,0
669,0,0,0.0,1,0,0.3615177032907007,3,2,1
670,1,0,0.7854312313170213,1,1,0.11025597819918509,0,2,1
671,0,1,0.08684666227784382,1,0,0.3615177032907007,2,2,0
672,1,1,3.1140464614476127,0,0,-0.4405870345014454,0,2,0
673,1,1,0.08684666227784382,0,0,-0.3922674719838462,0,2,1
674,1,1,0.0,0,0,-0.6435291970753618,0,2,0
675,2,1,-0.9222199374454125,0,0,-0.4932553576456285,0,2,0
676,2,1,-0.4176866375837843,0,0,-0.4879402057686925,0,2,0
677,2,0,-0.9222199374454125,0,0,-0.4533105417035796,0,2,1
678,2,0,1.0182927543300804,1,6,0.26294579575479843,0,2,0
679,0,1,0.4749492006329424,0,1,9.258679926521264,2,0,1
680,2,0,0.0,0,0,-0.4862490210805766,0,1,0
681,0,1,-0.22363536840623505,0,0,0.8394793534547861,4,0,1
682,2,1,-0.766978922103373,0,0,-0.4652300113854209,0,2,0
683,2,1,-1.2327019681294913,5,2,0.26294579575479843,0,2,0
684,1,1,2.3378413847374158,1,1,0.11025597819918509,0,2,0
685,1,1,-0.3788763837482745,1,2,0.1601063044573418,0,0,0
686,2,1,-1.2327019681294913,4,1,0.12354385789152486,0,2,0
687,2,1,-0.8445994297743927,0,0,-0.44694975449376284,0,2,0
688,2,1,-0.9222199374454125,0,0,-0.49285333888548205,0,2,0
689,0,0,-1.1550814604584716,0,1,3.4411650203498834,2,2,1
690,0,1,0.08684666227784382,1,0,0.45815682832589905,2,2,1
691,2,0,-2.0089070448396886,0,1,-0.3842135673034128,0,0,1
692,2,1,0.0,0,0,0.4484117389573497,0,2,1
693,2,1,-0.3788763837482745,0,0,-0.5038856613995002,0,0,0
694,0,1,2.3378413847374158,0,0,-0.13037544313845872,0,2,0
695,1,1,1.7168773233692578,0,0,-0.38260355948032637,0,2,0
696,2,1,1.0959132620011,0,0,-0.4879402057686925,0,2,0
697,2,0,0.0,0,0,-0.494061327948422,0,1,1
698,0,1,1.4840158003561987,1,1,1.4996038215277196,3,0,0
699,2,1,0.9406722466590607,0,0,-0.49567133577150846,7,2,0
700,0,0,-0.9222199374454125,1,0,3.754034187651338,3,0,1
701,0,1,0.3973286929619227,0,0,-0.13544899720280662,5,2,1
702,2,0,-0.9222199374454125,0,1,-0.3641609488586091,0,0,0
703,2,1,-0.3788763837482745,0,0,-0.4938989742183628,0,1,0
704,2,1,-0.30125587607725474,1,0,-0.49172459390507095,0,2,0
705,1,1,0.7078107236460015,0,0,-0.14100574689233056,0,2,0
706,1,0,1.1735337696721198,0,0,-0.38260355948032637,0,2,1
707,0,1,0.9406722466590607,0,0,-0.13544899720280662,5,2,1
708,0,0,-0.6117379067613337,0,0,2.2856026827414997,0,2,1
709,2,1,0.0,1,1,-0.3488610425830365,0,0,1
710,0,0,-0.45649689141929417,0,0,0.3132793176381311,3,0,1
711,0,1,0.0,0,0,-0.13037544313845872,3,2,0
712,0,1,1.406395292685179,1,0,0.3615177032907007,3,2,1
713,2,1,-0.06839435306419561,0,0,-0.4602376341861026,0,2,0
714,1,1,1.7168773233692578,0,0,-0.3922674719838462,0,2,0
715,2,1,-0.8445994297743927,0,0,-0.49567133577150846,7,2,0
716,0,0,0.6301902159749818,0,0,3.754034187651338,3,0,1
717,1,0,-0.22363536840623505,0,0,-0.4405870345014454,5,2,1
718,2,1,0.0,0,0,-0.34394790946624704,0,1,0
719,2,1,0.24208767761988326,0,0,-0.4932553576456285,0,2,0
720,1,0,-1.853666029497649,0,1,-0.0057109718430529005,0,2,1
721,2,1,-0.9998404451164322,1,0,-0.5071868539107026,0,2,0
722,1,1,0.31970818529090295,0,0,-0.3922674719838462,0,2,0
723,1,1,1.5616363080272184,0,0,-0.3922674719838462,0,2,0
724,0,1,-0.22363536840623505,1,0,0.3827783107984444,5,2,1
725,2,1,-0.766978922103373,0,0,-0.4761019129518807,0,2,0
726,1,0,0.009226154606824105,3,0,-0.2376448719275289,0,2,1
727,2,0,0.0,0,0,-0.49398015108339244,0,1,1
728,1,1,-0.3788763837482745,1,0,-0.14100574689233056,0,2,0
729,2,0,-0.3788763837482745,1,0,-0.4903561838945725,0,2,0
730,0,0,-0.06839435306419561,0,0,3.4411650203498834,2,2,1
731,2,1,-1.4655634911425506,0,0,-0.2804076847556041,0,0,0
732,1,1,0.0,0,0,-0.6435291970753618,0,2,0
733,1,1,-0.5341173990903139,0,0,-0.3922674719838462,0,2,0
734,1,1,-0.5341173990903139,0,0,-0.3922674719838462,0,2,0
735,2,1,-0.10720460689970547,0,0,-0.3323512144620232,0,2,0
736,2,0,1.406395292685179,1,3,0.02086478754162664,0,2,0
737,0,1,0.3973286929619227,0,0,9.258679926521264,2,0,1
738,2,1,0.0,0,0,-0.49092055638477805,0,2,0
739,2,1,0.0,0,0,-0.49092055638477805,0,2,0
740,0,1,0.0,0,0,-0.0636944468641719,4,2,1
741,0,1,0.4749492006329424,1,0,0.8804698047297156,3,2,0
742,0,0,-0.6893584144323534,2,2,4.42760888914667,2,0,1
743,2,1,-0.45649689141929417,1,0,-0.3323512144620232,0,2,0
744,2,1,0.08684666227784382,0,0,-0.4903561838945725,0,2,1
745,0,1,3.1140464614476127,1,1,0.7287463784244543,2,2,0
746,2,1,-1.077460952787452,1,1,-0.2521407406828086,0,2,0
747,1,0,0.009226154606824105,0,0,-0.3922674719838462,0,2,1
748,0,1,-0.8445994297743927,1,0,0.3827783107984444,4,2,0
749,2,1,0.08684666227784382,0,0,-0.49373855327080446,0,1,0
750,1,0,-2.0089070448396886,1,1,-0.19898922191344956,0,2,1
751,2,1,-1.853666029497649,0,1,-0.402414580112542,5,2,1
752,2,1,0.24208767761988326,0,0,-0.45991485950848504,0,2,0
753,2,1,-0.5341173990903139,0,0,-0.49092055638477805,0,2,0
754,1,0,1.406395292685179,1,2,0.6127794283822163,0,2,1
755,1,1,-2.267383335384184,1,1,-0.3632757344732867,0,2,1
756,2,1,-0.14601486073521533,0,0,-0.49285333888548205,0,2,0
757,1,1,-0.9222199374454125,0,0,-0.4212592094944057,0,2,0
758,2,1,0.31970818529090295,0,0,-0.4879402057686925,0,2,0
759,0,0,0.24208767761988326,0,0,1.0283276660335692,2,2,1
760,2,1,0.0,0,0,-0.3632757344732867,0,2,0
761,2,1,0.863051738988041,0,0,-0.5058184439002043,0,2,0
762,2,1,-0.766978922103373,0,0,-0.5038044845344707,0,0,1
763,0,0,0.4749492006329424,1,2,1.675809803769398,2,2,1
764,2,1,-1.077460952787452,0,0,-0.4932553576456285,0,2,0
765,0,0,1.6392568156982381,1,0,0.8632351831709384,4,2,1
766,0,1,0.0,0,0,0.12185267320340891,0,0,0
767,2,0,0.048036408442333964,0,0,-0.49373855327080446,0,1,0
768,2,1,0.0,1,0,-0.17676222315535398,0,1,0
769,2,1,0.16446716994886354,0,0,-0.48190026045399265,0,2,0
770,2,1,-0.45649689141929417,0,0,-0.45991485950848504,0,2,0
771,2,1,1.406395292685179,0,0,-0.49172459390507095,0,2,0
772,1,0,2.1049798617243565,0,0,-0.4405870345014454,5,2,0
773,2,1,0.0,0,0,-0.5038856613995002,0,0,0
774,1,0,1.8721183387112972,1,3,-0.19898922191344956,0,2,1
775,2,1,-0.9222199374454125,0,0,-0.49373855327080446,0,2,0
776,2,1,0.0,0,0,-0.49373855327080446,6,1,0
777,2,0,-1.9312865371686687,0,0,-0.402414580112542,0,2,1
778,2,1,0.0,0,0,-0.49398015108339244,0,1,0
779,0,0,1.0182927543300804,0,1,3.4411650203498834,2,2,1
780,2,0,-1.310322475800511,0,0,-0.5038044845344707,0,0,1
781,0,0,-0.9998404451164322,1,0,0.45815682832589905,2,2,1
782,0,1,-0.06839435306419561,0,0,-0.0636944468641719,4,2,0
783,2,1,0.0,1,2,-0.19029170066028173,0,2,0
784,2,1,-0.3788763837482745,0,0,-0.5072680307757322,0,2,0
785,2,1,-0.3788763837482745,0,0,-0.5034024657743242,0,2,0
786,2,0,-0.9222199374454125,0,0,-0.49865168638759394,0,2,1
787,2,1,-1.6984250141556096,4,1,-0.0806062937453316,0,1,0
788,2,1,-2.2417685678527475,1,2,-0.24585919755552074,0,2,1
789,0,1,1.2511542773431397,0,0,0.8872345434821797,2,0,0
790,2,1,0.0,0,0,-0.49373855327080446,0,1,0
791,1,1,-1.077460952787452,0,0,-0.14100574689233056,0,2,0
792,2,0,0.0,8,2,0.7007210321642467,0,2,0
793,0,1,0.0,0,0,-0.05024614622427373,0,0,0
794,2,1,-0.3788763837482745,0,0,-0.49092055638477805,0,2,0
795,1,1,0.7078107236460015,0,0,-0.3922674719838462,0,2,0
796,0,0,1.4840158003561987,0,0,-0.14237415690282892,4,2,1
797,2,0,0.08684666227784382,0,0,-0.47569989419173436,0,2,1
798,2,1,0.009226154606824105,0,0,-0.5038044845344707,0,0,0
799,2,0,0.009226154606824105,1,1,-0.17676222315535398,0,2,0
800,1,1,0.31970818529090295,0,0,-0.3922674719838462,0,2,0
801,1,0,0.08684666227784382,1,1,-0.13617379064057064,0,2,1
802,0,1,-1.4655634911425506,1,2,1.675809803769398,2,2,1
803,2,1,-2.286788462301939,0,1,-0.4789199098379071,0,0,1
804,2,1,-0.22363536840623505,0,0,-0.5087176176512601,0,2,1
805,2,1,0.08684666227784382,0,0,-0.4932553576456285,0,2,0
806,0,1,0.7078107236460015,0,0,-0.6435291970753618,1,2,0
807,2,0,-0.9222199374454125,0,0,-0.4932553576456285,0,2,0
808,1,1,0.7078107236460015,0,0,-0.3922674719838462,0,2,0
809,0,0,0.24208767761988326,1,0,0.3827783107984444,5,2,1
810,2,1,-0.30125587607725474,0,0,-0.4910809773323365,0,2,0
811,2,1,0.7078107236460015,0,0,-0.17676222315535398,0,2,0
812,1,1,0.3973286929619227,0,0,-0.4405870345014454,0,2,0
813,2,0,-1.853666029497649,4,2,-0.03905146998019635,0,2,0
814,2,1,0.048036408442333964,0,0,-0.4879402057686925,0,2,0
815,0,1,0.0,0,0,-0.6435291970753618,2,2,0
816,2,0,-0.5341173990903139,0,0,-0.4903561838945725,0,2,0
817,1,1,0.08684666227784382,1,1,0.07168150505013528,0,0,0
818,2,1,1.0182927543300804,0,0,-0.518864725779956,0,2,0
819,2,1,-1.5431839988135703,3,2,-0.10428287937895522,0,2,0
820,0,0,1.7168773233692578,1,1,1.1636224410828468,2,2,1
821,2,1,-0.22363536840623505,0,0,-0.4761019129518807,0,2,1
822,0,1,0.6301902159749818,0,0,-0.6435291970753618,0,2,0
823,2,0,-0.22363536840623505,0,1,-0.402414580112542,5,2,1
824,2,1,-2.164148060181728,4,1,0.12354385789152486,0,2,0
825,2,1,0.0,0,0,-0.5092008132764362,0,1,0
826,2,1,0.0,0,0,0.4484117389573497,0,2,0
827,1,1,-2.2417685678527475,0,2,0.07168150505013528,0,0,1
828,2,1,0.0,0,0,-0.49373855327080446,0,1,1
829,0,0,2.4930824000794547,0,0,0.9026968034878113,2,2,1
830,2,0,-1.1550814604584716,1,0,-0.3641609488586091,0,0,1
831,1,1,-2.254964054156821,1,1,-0.2811324781933681,0,2,1
832,2,1,0.0,0,0,-0.5038044845344707,0,0,0
833,2,1,-0.5341173990903139,0,0,-0.49172459390507095,0,2,0
834,2,1,-0.9222199374454125,0,0,-0.4831082495169326,0,2,0
835,0,0,0.7078107236460015,1,1,0.9637398732075447,5,0,1
836,2,1,-0.6893584144323534,0,0,-0.4761019129518807,0,2,0
837,2,1,0.0,0,0,-0.4879402057686925,0,2,0
838,2,1,0.16446716994886354,0,0,0.4484117389573497,0,2,1
839,0,1,0.0,0,0,-0.0694927943662838,3,0,1
840,2,1,-0.766978922103373,0,0,-0.4903561838945725,0,2,0
841,1,1,-1.077460952787452,0,0,-0.4405870345014454,0,2,0
842,0,0,0.009226154606824105,0,0,-0.04436662185713223,0,0,1
843,2,1,0.35851843912641285,0,0,-0.519106323592544,0,0,0
844,2,1,-0.9998404451164322,0,0,-0.4761019129518807,0,2,0
845,2,1,0.9406722466590607,0,0,-0.49760411827221235,0,2,0
846,2,1,0.0,8,2,0.7007210321642467,0,2,0
847,2,1,0.3973286929619227,0,0,-0.49092055638477805,0,0,0
848,1,1,-0.14601486073521533,0,1,-0.0057109718430529005,0,2,0
849,0,0,0.0,1,0,1.078661187916902,3,0,1
850,2,1,-2.0089070448396886,4,2,-0.03905146998019635,0,2,0
851,2,1,3.4245284921316914,0,0,-0.4932553576456285,0,2,0
852,2,0,-1.62080450648459,1,1,-0.3488610425830365,0,0,0
853,0,0,-1.077460952787452,0,1,0.11798710820200092,4,2,1
854,1,0,1.0959132620011,1,0,-0.14100574689233056,0,2,0
855,2,0,-0.9222199374454125,0,1,-0.46281403325954096,0,2,1
856,0,0,1.1735337696721198,1,1,2.5429855300127446,0,2,1
857,0,1,1.6392568156982381,0,0,-0.13037544313845872,5,2,1
858,2,0,-0.45649689141929417,0,3,-0.27130814474228987,0,0,1
859,2,1,0.0,0,0,-0.5038044845344707,0,0,0
860,2,1,0.863051738988041,2,0,-0.3708464435285441,0,2,0
861,1,1,-0.6893584144323534,1,0,-0.4212592094944057,0,2,0
862,0,0,1.406395292685179,0,0,-0.14237415690282892,4,2,1
863,2,0,0.0,8,2,0.7007210321642467,0,2,0
864,1,1,-0.45649689141929417,0,0,-0.3922674719838462,0,2,0
865,1,0,0.9406722466590607,0,0,-0.3922674719838462,0,2,1
866,1,0,-0.22363536840623505,1,0,-0.37567839978030404,0,0,1
867,0,1,0.08684666227784382,0,0,0.3324447889151117,1,2,0
868,2,1,0.0,0,0,-0.45991485950848504,0,2,0
869,2,1,-2.0089070448396886,1,1,-0.42834672292448717,0,2,1
870,2,1,-0.30125587607725474,0,0,-0.49092055638477805,0,2,0
871,0,0,1.3287747850141594,1,1,0.37222918390960213,4,2,1
872,0,1,0.24208767761988326,0,0,-0.5468900720401635,2,2,0
873,2,1,1.3287747850141594,0,0,-0.4695787720120049,0,2,0
874,1,0,-0.14601486073521533,1,0,-0.1796613969064099,0,0,1
875,2,0,-1.1550814604584716,0,0,-0.5038856613995002,0,0,1
876,2,1,-0.766978922103373,0,0,-0.4532312976210507,0,2,0
877,2,1,-0.8445994297743927,0,0,-0.49092055638477805,0,2,0
878,2,1,0.0,0,0,-0.49092055638477805,0,2,0
879,0,0,2.0273593540533366,0,1,0.9637398732075447,3,0,1
880,1,0,-0.3788763837482745,0,1,-0.14100574689233056,0,2,1
881,2,1,0.24208767761988326,0,0,-0.49092055638477805,0,2,0
882,2,0,-0.6117379067613337,0,0,-0.4402642598238278,0,2,0
883,1,1,-0.14601486073521533,0,0,-0.4405870345014454,0,2,0
884,2,1,-0.3788763837482745,0,0,-0.5072680307757322,0,2,0
885,2,0,0.7078107236460015,0,5,-0.0806062937453316,0,1,0
886,1,1,-0.22363536840623505,0,0,-0.3922674719838462,0,2,0
887,0,0,-0.8445994297743927,0,0,-0.0636944468641719,2,2,1
888,2,0,0.0,1,2,-0.19029170066028173,0,2,0
889,0,1,-0.30125587607725474,0,0,-0.0636944468641719,3,0,1
890,2,1,0.16446716994886354,0,0,-0.49373855327080446,0,1,0
0,2,1,0.35851843912641285,0,0,-0.4922077895302469,0,1,0
1,2,0,1.3287747850141594,1,0,-0.5082344220260842,0,2,1
2,1,1,2.4930824000794547,0,0,-0.4562908923196651,0,1,0
3,2,1,-0.22363536840623505,0,0,-0.4761019129518807,0,2,0
4,2,0,-0.6117379067613337,1,1,-0.40603854730136196,0,2,1
5,2,1,-1.2327019681294913,0,0,-0.4652300113854209,0,2,0
6,2,0,0.009226154606824105,0,0,-0.4960733545316548,0,1,1
7,1,1,-0.30125587607725474,1,1,-0.08302227187121156,0,2,0
8,2,0,-0.9222199374454125,0,0,-0.5038044845344707,0,0,1
9,2,1,-0.6893584144323534,2,0,-0.17676222315535398,0,2,0
10,2,1,0.0,0,0,-0.49092055638477805,0,2,0
11,0,1,1.2511542773431397,0,0,-0.14100574689233056,0,2,0
12,0,0,-0.5341173990903139,1,0,0.9465071844312681,2,2,1
13,1,1,2.5707029077504746,1,0,-0.14100574689233056,0,2,0
14,0,0,1.3287747850141594,1,0,0.5388504977302896,5,2,1
15,1,0,-0.45649689141929417,1,0,-0.10774642562021669,0,0,1
16,1,1,0.3973286929619227,0,0,-0.40483055823842196,0,1,0
17,2,1,-0.6893584144323534,0,0,-0.5038856613995002,0,0,0
18,2,0,-0.22363536840623505,1,0,-0.4903561838945725,0,2,1
19,2,0,1.1735337696721198,0,0,-0.5038856613995002,0,0,1
20,0,1,1.949738846382317,1,0,0.5045436083427942,0,0,0
21,2,1,-1.62080450648459,0,1,-0.5822445295430405,0,2,0
22,0,0,0.0,0,0,-0.031159919029822045,0,2,1
23,0,1,-0.6893584144323534,0,1,0.5427972395967271,0,0,0
24,0,0,1.406395292685179,1,3,4.42760888914667,2,0,1
25,2,1,1.5616363080272184,1,0,-0.3632757344732867,0,2,0
26,0,0,-0.6117379067613337,0,1,0.554393934600951,2,0,1
27,2,1,-0.5729276529258238,0,0,-0.5038856613995002,0,0,0
28,0,1,0.863051738988041,0,0,-0.05403053436065206,1,2,0
29,2,1,0.0,2,0,-0.2245174131827475,0,0,0
30,1,1,1.5616363080272184,1,0,-0.14100574689233056,0,2,0
31,1,1,-0.45649689141929417,2,0,-0.0347027093536124,0,2,0
32,2,0,0.24208767761988326,1,2,-0.24585919755552074,0,2,1
33,2,0,0.0,1,2,-0.19029170066028173,0,2,1
34,0,1,0.009226154606824105,1,0,0.4726526970811788,3,0,0
35,2,1,-0.8834096836099026,0,0,-0.5038044845344707,0,0,0
36,2,0,0.0,0,0,-0.4879402057686925,0,2,1
37,2,0,-0.6893584144323534,0,0,-0.4761019129518807,0,2,1
38,2,1,-0.3788763837482745,0,0,-0.45991485950848504,0,2,0
39,2,1,0.0,0,0,0.4484117389573497,0,2,0
40,2,1,0.7078107236460015,0,1,-0.3842135673034128,0,0,0
41,0,1,0.0,0,0,-0.13037544313845872,4,2,0
42,2,1,0.863051738988041,0,0,-0.49180577077010046,0,2,0
43,1,0,0.009226154606824105,0,0,-0.3922674719838462,0,2,1
44,0,0,1.1735337696721198,1,0,0.37222918390960213,4,2,1
45,2,1,-0.3788763837482745,0,0,-0.4903561838945725,0,2,0
46,0,1,1.1735337696721198,0,0,-0.0694927943662838,1,0,0
47,2,1,0.0,0,0,-0.49373855327080446,0,1,0
48,0,0,2.3378413847374158,0,0,0.8310234300142063,4,0,1
49,2,0,0.4749492006329424,0,2,-0.3362167794634312,0,2,1
50,0,1,-0.45649689141929417,1,0,0.5161403033470181,3,2,0
51,1,1,-0.22363536840623505,0,0,-0.35296820539703244,0,0,0
52,1,0,-0.766978922103373,2,1,-0.19898922191344956,0,2,1
53,0,0,-0.14601486073521533,3,2,4.43968877977607,3,2,1
54,1,1,0.0,0,0,-0.3424171457256895,0,0,0
55,2,1,-1.5431839988135703,4,1,-0.0806062937453316,0,1,0
56,2,1,0.3973286929619227,0,0,-0.49092055638477805,0,2,0
57,2,1,-0.3788763837482745,0,0,-0.49567133577150846,7,2,0
58,2,1,0.0,1,0,-0.3323512144620232,0,2,0
59,0,0,0.4749492006329424,0,0,4.42760888914667,2,0,1
60,2,1,-0.9998404451164322,0,0,-0.49092055638477805,0,2,0
61,1,1,0.16446716994886354,0,0,-0.38260355948032637,0,2,0
62,2,1,-0.9222199374454125,0,0,-0.49373855327080446,0,2,0
63,2,0,-0.6117379067613337,0,0,-0.4942217488959804,0,1,1
64,0,1,-1.310322475800511,2,2,4.42760888914667,2,0,0
65,1,0,0.0,0,0,-0.2376448719275289,0,2,1
66,2,0,-0.9222199374454125,0,0,-0.4912413982798949,0,1,1
67,0,1,1.3287747850141594,0,0,0.17597058322311993,0,2,0
68,0,1,0.08684666227784382,0,0,-0.09196139093696738,3,0,0
69,0,0,2.3378413847374158,1,4,4.43968877977607,3,2,1
70,2,0,-0.45649689141929417,0,0,-0.49373855327080446,0,1,1
71,2,1,-0.6893584144323534,0,0,-0.49092055638477805,0,2,0
72,2,0,-0.06839435306419561,0,0,-0.4903561838945725,0,2,1
73,0,1,-0.10720460689970547,0,0,-0.10774642562021669,4,0,0
74,0,0,0.3973286929619227,0,0,3.444305791913527,3,0,1
75,0,1,0.20327742378437338,0,0,3.444305791913527,3,0,0
76,2,1,0.0,0,0,-0.4879402057686925,0,2,0
77,0,0,1.949738846382317,2,0,-0.14680409439444247,3,2,1
78,1,1,0.009226154606824105,0,0,-0.3922674719838462,0,2,0
79,2,0,-0.45649689141929417,0,0,-0.49373855327080446,0,1,1
80,2,1,-1.853666029497649,1,1,-0.3488610425830365,0,0,0
81,0,1,2.8811849384345534,1,0,3.6429803707258896,3,2,0
82,0,1,1.4840158003561987,0,0,-0.14100574689233056,0,2,0
83,2,1,0.0,0,0,-0.49092055638477805,0,2,0
84,1,1,0.0,0,0,-0.43656104855247896,0,1,0
85,2,1,0.0,1,0,-0.3641609488586091,0,0,0
86,2,0,-0.22363536840623505,0,0,-0.4912413982798949,0,1,1
87,2,0,-0.9222199374454125,0,0,-0.4879402057686925,0,2,1
88,2,0,0.0,0,0,-0.49373855327080446,0,1,1
89,1,1,-2.164148060181728,1,1,-0.19898922191344956,0,2,0
90,2,0,-0.6117379067613337,1,0,-0.37487242947751054,0,2,1
91,2,1,0.0,0,0,-0.4932553576456285,0,2,0
92,0,0,-0.22363536840623505,1,2,0.3615177032907007,2,2,1
93,2,1,0.0,0,0,-0.4879402057686925,0,2,0
94,0,1,-0.3788763837482745,0,0,-0.14100574689233056,0,0,0
95,2,1,-0.3788763837482745,0,0,-0.49285333888548205,0,2,0
96,0,0,3.579769507473731,1,0,0.8804698047297156,3,2,1
97,2,1,-0.06839435306419561,0,0,-0.4903561838945725,0,2,0
98,2,0,-0.766978922103373,0,0,-0.49172459390507095,0,2,1
99,2,1,0.24208767761988326,0,0,-0.4879402057686925,0,2,0
100,0,0,1.0182927543300804,1,0,0.4280382786174291,3,0,1
101,1,1,-0.22363536840623505,1,0,-0.14100574689233056,0,2,0
102,2,1,0.0,0,0,-0.49373855327080446,0,1,0
103,2,1,-0.30125587607725474,0,0,-0.4932553576456285,0,2,0
104,2,0,-1.077460952787452,1,1,-0.4789199098379071,0,0,1
105,2,1,-0.14601486073521533,0,0,-0.2081699387917934,0,2,0
106,2,1,-0.6893584144323534,0,0,-0.4923701432603061,0,1,0
107,2,1,0.0,0,0,-0.49373855327080446,0,1,0
108,2,1,0.0,0,0,-0.4751355217015288,0,2,0
109,1,1,-0.8834096836099026,0,0,-0.3922674719838462,0,2,0
110,1,1,0.863051738988041,0,0,-0.35272660758444446,0,0,0
111,2,0,0.0,0,0,-0.4931741807805989,0,1,1
112,0,0,0.4749492006329424,0,0,-0.03123916311235086,1,0,1
113,2,0,-0.8834096836099026,0,0,-0.5027588492015899,0,1,1
114,0,0,2.5707029077504746,1,0,3.6429803707258896,3,2,1
115,2,1,-0.9222199374454125,1,0,-0.3641609488586091,0,0,0
116,2,1,0.0,0,0,-0.519106323592544,0,0,0
117,2,0,-2.2417685678527475,1,1,-0.3207545194577995,7,2,1
118,0,1,0.4749492006329424,0,0,0.8107292137568144,3,0,0
119,1,0,-0.06839435306419561,1,0,-0.14100574689233056,0,2,1
120,1,0,-1.3879429834715307,0,0,-0.3391159532144871,0,2,1
121,2,1,0.0,1,0,-0.49373855327080446,0,1,0
122,0,0,0.3973286929619227,1,0,0.4726526970811788,3,0,1
123,2,1,-0.14601486073521533,0,0,-0.5034024657743242,0,2,0
124,2,1,0.0,0,0,-0.49373855327080446,0,1,0
125,2,0,-0.9998404451164322,0,1,-0.3323512144620232,0,2,1
126,2,1,-0.6117379067613337,0,0,-0.49285333888548205,0,2,0
127,2,0,0.0,2,0,-0.19415726566168964,0,1,1
128,1,1,0.9406722466590607,0,0,-0.3922674719838462,0,2,0
129,2,1,-0.45649689141929417,0,0,-0.4879402057686925,0,2,0
130,2,1,0.16446716994886354,0,0,-0.4879402057686925,0,2,0
131,0,1,1.7944978310402775,0,0,-0.09268618437473139,3,0,0
132,2,0,0.0,0,4,-0.15131327596858482,0,2,1
133,2,1,0.0,1,0,-0.519106323592544,0,0,0
134,2,1,1.0182927543300804,0,0,-0.49092055638477805,0,2,0
135,2,1,-0.45649689141929417,0,0,-0.49172459390507095,0,2,0
136,2,1,-0.2624456222417449,0,0,-0.5038856613995002,0,0,0
137,1,1,-0.30125587607725474,0,0,-0.3922674719838462,0,2,0
138,2,0,-0.5341173990903139,0,0,-0.4879402057686925,0,2,1
139,2,1,0.7854312313170213,1,6,0.26294579575479843,0,2,0
140,2,0,-1.5431839988135703,5,2,0.26294579575479843,0,2,1
141,0,0,0.24208767761988326,0,0,2.2856026827414997,0,2,1
142,0,1,2.4154618924084352,1,3,4.42760888914667,2,0,0
143,1,1,-0.14601486073521533,0,0,-0.14100574689233056,0,2,0
144,0,1,0.9406722466590607,0,0,-0.13037544313845872,0,2,0
145,2,1,0.08684666227784382,3,0,-0.29562834694864787,0,2,0
146,0,1,0.0,0,0,0.3588601273522327,5,2,0
147,2,1,-0.6117379067613337,0,0,-0.4879402057686925,0,2,0
148,0,1,0.0,0,0,-0.13037544313845872,0,2,0
149,1,1,0.009226154606824105,1,1,-0.14100574689233056,0,2,0
150,0,0,-0.5341173990903139,0,1,0.9637398732075447,3,0,1
151,2,1,0.0,0,0,-0.49092055638477805,0,0,0
152,2,1,2.3766516385729255,0,0,1.373324565679444e-16,0,2,0
153,2,0,0.4749492006329424,0,2,-0.4080525066670955,0,2,1
154,2,1,-1.310322475800511,4,2,-0.036877089666904374,0,2,0
155,2,1,-0.45649689141929417,0,0,-0.49760411827221235,0,2,0
156,0,0,-0.06839435306419561,0,0,3.6429803707258896,3,2,1
157,2,0,-0.5341173990903139,0,0,-0.49172459390507095,0,2,1
158,0,1,0.9406722466590607,0,0,-0.13037544313845872,4,2,0
159,2,0,-0.30125587607725474,0,2,-0.3772884076033905,0,2,1
160,2,0,0.0,0,0,-0.494061327948422,0,1,1
161,2,1,-1.7760455218266293,1,1,-0.3488610425830365,0,0,0
162,1,0,-0.30125587607725474,0,0,-0.38260355948032637,0,2,1
163,2,1,0.0,0,0,-0.5082344220260842,0,2,0
164,1,1,0.863051738988041,0,0,-0.3922674719838462,0,2,0
165,2,0,-0.30125587607725474,1,1,-0.21783385129531324,0,2,1
166,0,1,1.406395292685179,0,0,0.3324447889151117,2,0,0
167,2,1,-0.9222199374454125,2,2,0.02086478754162664,0,2,0
168,0,0,0.0,0,0,-0.10774642562021669,0,0,1
169,2,0,-0.6117379067613337,0,0,-0.47030356544976887,0,2,1
170,2,1,0.0,0,0,-0.49760411827221235,0,2,0
171,2,1,-0.22363536840623505,0,0,-0.5038856613995002,0,0,0
172,2,1,-0.5341173990903139,1,0,-0.37487242947751054,0,2,0
173,2,1,0.0,0,0,-0.5038044845344707,0,0,0
174,2,1,0.7854312313170213,1,5,-0.036877089666904374,0,2,0
175,1,0,-1.1550814604584716,0,2,0.11025597819918509,0,2,1
176,1,0,-0.766978922103373,0,0,0.06676837193334584,0,2,1
177,0,1,1.8721183387112972,1,0,0.4280382786174291,3,0,0
178,1,0,0.4749492006329424,0,3,0.11025597819918509,6,2,1
179,0,0,2.648323415421494,0,2,0.9637398732075447,5,0,1
180,1,1,0.009226154606824105,0,0,-0.3922674719838462,0,2,0
181,0,1,0.5525697083039621,1,1,0.9637398732075447,5,0,0
182,0,0,-0.9222199374454125,1,0,0.3827783107984444,4,2,1
183,2,1,0.0,0,0,-0.49373855327080446,0,1,0
184,0,0,-0.22363536840623505,1,1,4.140509510927102,2,0,1
185,1,1,0.7854312313170213,0,0,-0.3342839969627272,0,2,0
186,1,0,-0.6893584144323534,0,1,-0.2376448719275289,0,2,1
187,2,1,-0.9998404451164322,2,0,-0.4879402057686925,0,2,0
188,2,0,0.0,8,2,0.7007210321642467,0,2,1
189,1,1,0.7854312313170213,0,0,-0.3922674719838462,0,2,0
190,1,1,0.31970818529090295,1,0,-0.14100574689233056,0,2,0
191,0,1,0.0,0,0,-0.14100574689233056,0,2,0
192,2,1,-1.4267532373070406,1,1,-0.3632757344732867,0,2,0
193,1,1,2.4154618924084352,0,0,-0.40483055823842196,0,1,0
194,1,1,-1.6984250141556096,0,2,-0.015374884346572734,0,2,0
195,2,1,0.24208767761988326,0,0,-0.49172459390507095,0,2,0
196,0,1,-1.853666029497649,0,2,1.9560632663714732,5,0,0
197,2,0,-0.9222199374454125,0,0,-0.4932553576456285,0,2,1
198,1,1,-0.5341173990903139,0,0,-0.4405870345014454,0,2,0
199,2,0,0.0,0,0,-0.48673221670575256,0,2,1
200,2,0,0.0,0,0,-0.34394790946624704,0,1,1
201,2,1,-2.293774307992331,0,2,-0.3652085169739907,0,2,0
202,0,1,1.3287747850141594,1,0,3.754034187651338,3,0,0
203,1,0,-1.6984250141556096,1,1,-0.14100574689233056,0,2,1
204,1,1,-0.3788763837482745,0,0,-0.4405870345014454,0,2,0
205,0,1,0.0,0,0,-0.14599812409164886,0,0,0
206,2,0,0.3973286929619227,0,0,-0.49373855327080446,0,1,1
207,1,1,-0.45649689141929417,0,0,-0.4405870345014454,0,2,0
208,0,0,0.24208767761988326,0,0,-0.10774642562021669,1,0,1
209,2,1,-0.3788763837482745,0,0,-0.49092055638477805,0,2,0
210,2,1,0.16446716994886354,0,0,-0.2081699387917934,0,2,0
211,2,1,0.0,0,0,-0.5072680307757322,0,2,0
212,1,1,-0.9998404451164322,0,0,0.7770659409420535,0,2,0
213,1,0,2.3378413847374158,1,0,-0.14100574689233056,0,2,1
214,2,0,0.6301902159749818,4,2,-0.4932553576456285,0,2,1
215,0,1,0.9406722466590607,0,0,0.17790336572382393,2,2,0
216,2,0,0.0,0,0,-0.4912413982798949,0,1,1
217,0,1,2.1049798617243565,1,1,2.5429855300127446,0,2,0
218,0,0,1.5616363080272184,1,1,3.444305791913527,3,0,1
219,2,1,0.0,0,0,-0.4879402057686925,0,2,0
220,1,0,0.009226154606824105,1,0,-0.37567839978030404,0,0,1
221,2,1,-0.6893584144323534,0,0,-0.4879402057686925,0,2,0
222,1,0,-0.6117379067613337,0,0,-0.4405870345014454,6,2,1
223,2,1,-0.6893584144323534,0,0,-0.49285333888548205,0,2,0
224,0,0,1.7944978310402775,0,0,-0.11306157749715263,0,0,1
225,2,0,0.0,0,2,-0.3488610425830365,0,0,1
226,2,1,-0.5341173990903139,0,0,-0.49285333888548205,0,2,0
227,2,0,0.0,0,0,-0.49373855327080446,0,1,1
228,2,1,0.8242414851525312,0,0,-0.35167903946906287,0,2,0
229,1,1,0.4749492006329424,0,0,-0.3922674719838462,0,2,0
230,1,1,-1.2327019681294913,0,0,0.6127794283822163,0,2,0
231,0,0,-0.6893584144323534,0,0,-0.13037544313845872,0,2,1
232,2,1,-0.6893584144323534,1,0,-0.5179795113946336,0,2,0
233,2,1,0.0,0,0,-0.4912413982798949,0,1,0
234,0,1,0.7078107236460015,1,0,0.7342219512489486,3,0,0
235,2,1,-0.766978922103373,0,0,-0.49172459390507095,0,2,0
236,0,1,2.648323415421494,1,0,0.8108896347043729,4,0,0
237,2,1,-0.766978922103373,0,0,-0.5038856613995002,0,0,0
238,1,0,-0.9222199374454125,1,1,-0.3922674719838462,0,2,1
239,0,0,1.406395292685179,1,0,1.4134345792988345,3,0,1
240,0,0,1.949738846382317,0,0,-0.10774642562021669,0,0,1
241,1,0,1.1735337696721198,0,2,-0.0636944468641719,0,2,1
242,0,1,1.1735337696721198,1,1,1.9560632663714732,5,0,0
243,2,1,0.0,0,0,-0.4910809773323365,0,2,0
244,2,1,0.0,1,2,-0.19029170066028173,0,2,0
245,0,1,0.863051738988041,1,0,0.3588601273522327,4,2,0
246,1,0,-0.6117379067613337,0,0,-0.2376448719275289,0,2,1
247,1,1,0.9406722466590607,1,1,-0.015374884346572734,0,2,0
248,1,0,-0.06839435306419561,1,0,-0.14100574689233056,0,2,1
249,2,0,0.0,1,0,-0.3641609488586091,0,0,1
250,1,0,-2.2479782084664293,1,2,-0.10718205313001114,0,2,1
251,2,1,-0.766978922103373,0,0,-0.4903561838945725,0,2,0
252,0,1,-0.22363536840623505,1,0,2.000115245127518,3,0,0
253,2,1,-0.45649689141929417,0,0,-0.46329722888471697,0,2,0
254,2,1,0.20327742378437338,0,0,-0.45991485950848504,0,2,0
255,2,1,0.0,0,0,-0.49760411827221235,0,2,0
256,2,1,0.0,0,0,-0.49373855327080446,0,1,0
257,2,1,-0.14601486073521533,0,0,-0.4879402057686925,0,2,0
258,1,0,-0.8445994297743927,0,0,-0.3922674719838462,0,2,1
259,2,1,-0.6893584144323534,0,0,-0.4932553576456285,0,2,0
260,2,1,0.5137594544684523,1,0,-0.3072250419528717,0,2,0
261,2,1,-0.6893584144323534,0,0,-0.49172459390507095,0,2,0
262,1,0,-0.06839435306419561,0,2,-0.19898922191344956,0,2,1
263,2,0,-2.2417685678527475,1,1,-0.4080525066670955,0,2,1
264,1,1,0.009226154606824105,0,0,-0.3973410260481941,0,0,0
265,2,1,0.0,0,0,-0.49092055638477805,0,2,0
266,0,1,0.0,0,0,-0.6435291970753618,0,2,0
267,2,1,0.0,0,0,-0.49760411827221235,0,2,0
268,2,0,0.0,0,0,-0.4879402057686925,0,2,1
269,2,1,-0.9998404451164322,0,0,-0.4761019129518807,0,2,0
270,0,1,1.2511542773431397,0,0,0.8107292137568144,3,0,0
271,2,1,0.0,0,0,-0.49373855327080446,0,1,0
272,0,0,-0.30125587607725474,1,0,2.000115245127518,3,0,1
273,2,0,0.0,1,0,-0.34394790946624704,0,1,1
274,2,1,0.0,0,0,-0.5038856613995002,0,0,0
275,1,0,-0.766978922103373,1,0,-0.14100574689233056,0,2,1
276,1,1,-0.14601486073521533,0,0,-0.4405870345014454,0,2,0
277,1,1,0.7854312313170213,1,0,-0.14100574689233056,0,2,0
278,1,1,0.009226154606824105,1,0,-0.2376448719275289,0,2,0
279,1,1,-0.6117379067613337,0,0,-0.4405870345014454,0,2,0
280,2,0,-0.5341173990903139,0,0,-0.4761019129518807,0,2,1
281,2,1,-2.261173694770503,1,1,-0.3772884076033905,0,2,0
282,2,0,0.0,0,0,-0.49373855327080446,0,1,1
283,2,0,-1.62080450648459,1,1,-0.3488610425830365,0,0,1
284,2,0,-2.164148060181728,1,1,-0.25286553412057267,0,2,1
285,2,1,0.4749492006329424,0,0,-0.5034024657743242,0,2,0
286,2,1,0.0,0,0,-0.5034024657743242,0,2,0
287,0,1,-0.45649689141929417,1,0,0.9465071844312681,2,2,0
288,2,1,0.0,0,0,-0.5038044845344707,5,0,0
289,2,1,0.0,0,0,-0.4879402057686925,0,2,0
290,0,1,0.0,0,0,0.12185267320340891,0,2,0
291,2,0,0.009226154606824105,0,0,-0.5092008132764362,0,1,1
292,2,1,0.0,0,0,-0.5038044845344707,0,0,0
293,0,1,1.7944978310402775,1,1,0.9386137006983931,1,2,0
294,2,1,0.4749492006329424,0,0,-0.45991485950848504,0,2,0
295,2,1,-0.30125587607725474,0,0,-0.49092055638477805,0,2,0
296,1,0,-2.2417685678527475,1,2,0.1601063044573418,0,0,1
297,2,1,0.0,2,0,-0.2245174131827475,0,0,0
298,0,1,0.009226154606824105,0,0,0.2358868407449429,0,2,0
299,2,1,-0.06839435306419561,0,0,-0.49172459390507095,0,2,0
300,2,1,0.16446716994886354,0,0,-0.4932553576456285,0,2,0
301,1,1,0.0,0,0,-0.35272660758444446,0,0,0
302,1,1,1.0182927543300804,0,1,-0.2376448719275289,0,2,0
303,2,1,-0.45649689141929417,0,0,-0.4761019129518807,0,2,0
304,2,0,0.0,0,0,-0.49373855327080446,0,1,1
305,0,0,2.648323415421494,1,1,-0.13037544313845872,2,2,1
306,0,1,0.009226154606824105,1,2,2.2856026827414997,3,2,0
307,2,1,-2.254964054156821,0,1,-0.46281403325954096,0,2,0
308,0,1,1.949738846382317,1,1,1.1636224410828468,2,2,0
309,2,0,1.1735337696721198,1,0,-0.3708464435285441,0,2,1
310,2,1,-0.9222199374454125,0,0,-0.4761019129518807,0,2,0
311,2,1,-0.6117379067613337,0,0,-0.5038856613995002,0,0,0
312,2,1,0.0,0,0,-0.4971209226470364,0,2,0
313,2,0,0.5525697083039621,0,0,-0.49373855327080446,0,1,1
314,0,0,1.949738846382317,0,0,1.977967490451951,3,0,1
315,2,0,-0.9998404451164322,0,0,-0.494061327948422,0,1,1
316,0,1,2.1049798617243565,1,0,2.1883991852160958,2,0,0
317,1,1,-0.8445994297743927,0,0,-0.4405870345014454,0,2,0
318,2,1,-0.22363536840623505,0,0,-0.49172459390507095,0,2,0
319,1,1,-0.6117379067613337,2,0,-0.0347027093536124,0,2,0
320,2,1,-0.30125587607725474,0,0,-0.4932553576456285,0,2,0
321,2,1,-0.3788763837482745,0,0,-0.5038044845344707,5,0,0
322,1,1,-0.30125587607725474,0,0,-0.3922674719838462,6,2,0
323,0,1,0.24208767761988326,0,0,-0.13037544313845872,0,2,0
324,0,0,0.7078107236460015,0,0,3.4411650203498834,0,2,1
325,2,1,-0.5341173990903139,0,0,-0.5072680307757322,0,2,0
326,1,0,-1.3879429834715307,2,1,0.11025597819918509,6,2,1
327,0,1,1.2511542773431397,0,0,0.8872345434821797,0,0,0
328,1,1,-0.06839435306419561,1,0,-0.14100574689233056,0,2,0
329,1,1,-0.6893584144323534,0,0,-0.3922674719838462,0,2,0
330,1,0,1.406395292685179,0,2,0.06676837193334584,0,2,1
331,0,1,0.7078107236460015,0,0,-0.0694927943662838,1,0,0
332,2,1,0.0,0,0,-0.5038856613995002,0,0,0
333,2,0,-0.8445994297743927,1,1,-0.33927637416204554,0,0,1
334,2,1,-0.22363536840623505,0,0,-0.49092055638477805,0,2,0
335,0,1,0.009226154606824105,0,0,-0.14100574689233056,3,2,0
336,1,1,0.16446716994886354,0,0,-0.3922674719838462,0,2,0
337,2,1,0.7078107236460015,0,2,-0.5038044845344707,0,0,0
338,1,1,-0.3788763837482745,0,0,-0.0347027093536124,0,2,0
339,2,1,0.0,0,0,-0.5038044845344707,0,0,0
340,1,1,-0.9222199374454125,0,0,-0.4405870345014454,0,2,0
341,2,1,0.16446716994886354,0,0,-0.4970397457820068,0,2,0
342,2,1,0.0,1,9,0.7007210321642467,0,2,0
343,0,0,2.182600369395376,0,1,9.258679926521264,2,0,1
344,2,1,0.0,1,1,-0.3632757344732867,0,2,0
345,2,0,-1.077460952787452,0,0,-0.49567133577150846,0,2,1
346,1,1,-0.30125587607725474,0,0,-0.3922674719838462,0,2,0
347,2,0,0.6301902159749818,0,0,-0.5038044845344707,0,0,1
348,1,1,-0.45649689141929417,0,0,-0.38260355948032637,0,2,0
349,1,0,0.08684666227784382,0,0,-0.2376448719275289,0,2,1
350,0,0,1.1735337696721198,0,1,0.5810489380681594,4,0,1
351,1,1,-0.3788763837482745,0,0,-0.4405870345014454,0,2,0
352,1,1,-0.9222199374454125,0,0,0.7770659409420535,0,2,0
353,1,1,1.4840158003561987,1,2,0.6127794283822163,0,2,0
354,2,0,-2.306193589219694,1,2,-0.24585919755552074,0,2,1
355,0,1,1.5616363080272184,0,0,-0.14100574689233056,5,2,0
356,0,0,2.260220877066396,2,0,0.3514517720270345,3,2,1
357,2,1,0.0,0,0,-0.4912413982798949,0,2,0
358,2,1,0.0,0,0,-0.49373855327080446,0,1,0
359,2,0,0.009226154606824105,1,0,-0.34298151821589506,0,2,1
360,2,1,-1.1938917142939816,8,2,0.7007210321642467,0,2,0
361,1,0,-0.45649689141929417,1,1,0.07168150505013528,0,0,1
362,1,0,0.08684666227784382,0,0,-0.2376448719275289,0,2,1
363,2,1,-0.22363536840623505,0,0,-0.4761019129518807,0,2,0
364,0,0,-0.3788763837482745,1,0,0.4280382786174291,5,0,1
365,2,0,0.0,1,9,0.7007210321642467,0,2,1
366,2,1,0.0,1,0,-0.36408170477608026,0,0,0
367,2,0,-0.6117379067613337,0,0,0.12354385789152486,0,2,1
368,0,0,1.1735337696721198,0,1,0.5045436083427942,0,0,1
369,1,1,-0.06839435306419561,0,0,-0.37567839978030404,0,0,0
370,1,1,-0.6893584144323534,1,0,-0.4212592094944057,0,2,0
371,0,0,0.08684666227784382,0,0,1.9560632663714732,5,0,1
372,0,1,1.4840158003561987,0,0,-0.6435291970753618,2,2,0
373,1,1,1.0959132620011,0,0,-0.3922674719838462,0,2,0
374,0,0,1.8721183387112972,1,1,0.9386137006983931,1,2,1
375,0,0,1.1735337696721198,0,0,4.42760888914667,0,0,1
376,2,0,-0.6117379067613337,2,0,-0.4761019129518807,0,2,1
377,1,1,-0.6893584144323534,0,0,-0.4212592094944057,0,2,0
378,0,1,1.949738846382317,0,0,0.32286205327662143,3,2,0
379,2,1,-1.9312865371686687,4,2,-0.036877089666904374,0,2,0
380,2,1,0.0,0,0,-0.49373855327080446,0,1,0
381,2,1,-0.30125587607725474,0,0,-0.4912413982798949,0,1,0
382,2,0,0.0,0,0,-0.3632757344732867,0,2,1
383,2,0,-0.8445994297743927,1,0,-0.3323512144620232,0,2,1
384,1,1,0.0,0,0,-0.39468345010972616,0,2,0
385,1,0,-0.45649689141929417,1,2,0.6127794283822163,0,2,1
386,2,1,-0.45649689141929417,0,0,-0.4932553576456285,0,2,0
387,1,1,2.1049798617243565,0,0,-0.3922674719838462,0,2,0
388,2,1,-0.6893584144323534,0,0,-0.49373855327080446,0,1,0
389,2,1,-1.853666029497649,3,1,-0.2361952850520009,0,2,0
390,0,1,-0.5341173990903139,0,0,1.1636224410828468,2,2,0
391,0,0,1.6392568156982381,0,1,0.11798710820200092,4,2,1
392,2,1,-1.310322475800511,0,2,-0.2521407406828086,0,2,0
393,1,1,1.3287747850141594,0,0,-0.4405870345014454,0,2,0
394,2,1,-0.06839435306419561,3,1,-0.21783385129531324,0,2,0
395,0,0,-0.9222199374454125,1,0,0.5161403033470181,3,2,1
396,2,1,-0.45649689141929417,0,0,-0.5034024657743242,0,1,0
397,0,0,1.406395292685179,1,1,0.8872345434821797,2,0,1
398,2,1,-0.6117379067613337,0,0,-0.4932553576456285,0,2,0
399,2,1,0.08684666227784382,0,0,-0.494061327948422,0,1,0
400,0,0,0.009226154606824105,0,0,2.5429855300127446,3,2,1
401,1,1,0.6301902159749818,1,0,-0.2376448719275289,0,2,0
402,0,0,-0.6117379067613337,0,1,0.5045436083427942,0,0,1
403,0,1,-0.9998404451164322,0,0,0.26681136075620643,0,2,0
404,0,1,1.0182927543300804,1,0,-0.10774642562021669,4,0,0
405,1,1,-0.766978922103373,0,0,-0.3755972229152745,4,0,0
406,1,1,-0.5341173990903139,1,0,-0.4405870345014454,0,2,0
407,0,1,1.5616363080272184,1,1,3.444305791913527,3,0,0
408,2,0,0.0,0,0,-0.49430292576101,0,1,1
409,2,0,-2.086527552510708,1,1,-0.3772884076033905,0,2,1
410,2,0,0.0,0,0,-0.49373855327080446,0,1,1
411,0,0,0.5525697083039621,1,0,1.095975053558208,3,1,1
412,2,0,-0.14601486073521533,0,0,-0.4932553576456285,0,2,1
413,2,1,0.0,0,0,-0.4879402057686925,0,2,0
414,0,0,0.7078107236460015,0,0,1.4612709461912579,3,0,1
415,2,1,0.6690004698104917,0,0,-0.5034024657743242,0,2,0
416,2,1,0.0,0,0,-0.4879402057686925,0,2,0
417,2,1,0.0,1,1,-0.2113918872204669,0,0,0
